reporting_airline,scheduled_flights,cancelled_flights,operated_flights,delayed_departure_15_flights,positive_departure_delay_minutes,cancellation_rate,delay_rate,avg_delay_minutes,delay_rank
EV,839952,20729,819223,230689,14688403,0.0247,0.2816,17.93,1
MQ,1581275,61113,1520162,352450,21663193,0.0386,0.2319,14.25,2
AA,1882339,45491,1836848,421120,27479762,0.0242,0.2293,14.96,3
UA,1439525,32708,1406817,317803,21920942,0.0227,0.2259,15.58,4
B6,543273,7574,535699,118591,8578495,0.0139,0.2214,16.01,5
YV,854056,30050,824006,181836,12992153,0.0352,0.2207,15.77,6
OH,711738,22249,689489,150917,8919019,0.0313,0.2189,12.94,7
CO,930995,8302,922693,194198,13108379,0.0089,0.2105,14.21,8
WN,3469946,31333,3438613,719230,38962701,0.009,0.2092,11.33,9
AS,470691,7132,463559,96411,5761876,0.0152,0.208,12.43,10
XE,1250753,30508,1220245,245565,17253216,0.0244,0.2012,14.14,11
FL,762488,6779,755709,150631,9337104,0.0089,0.1993,12.36,12
US,1443880,21035,1422845,263816,15550212,0.0146,0.1854,10.93,13
OO,1713146,39464,1673682,298674,18890771,0.023,0.1785,11.29,14
F9,283703,1603,282100,47891,2475981,0.0057,0.1698,8.78,15
DL,1433906,21029,1412877,239256,14378584,0.0147,0.1693,10.18,16
NW,1195058,15574,1179484,199494,12359090,0.013,0.1691,10.48,17
9E,521059,15039,506020,77928,5412680,0.0289,0.154,10.7,18
HA,170174,1061,169113,8066,576111,0.0062,0.0477,3.41,19
