reporting_airline,scheduled_departure_hour,scheduled_flights,cancelled_flights,operated_flights,delayed_departure_15_flights,positive_departure_delay_minutes,cancellation_rate,delay_rate,avg_delay_minutes,national_delay_rate,expected_delayed_flights,excess_delayed_flights
WN,19,229407,2219,227188,77237,4336008,0.0097,0.34,19.09,0.3046,69199.3,8037.7
WN,21,125182,1307,123875,43308,2412443,0.0104,0.3496,19.47,0.289,35805.2,7502.8
WN,18,227328,2145,225183,73466,4079301,0.0094,0.3263,18.12,0.2971,66894.2,6571.8
EV,17,61824,1870,59954,23369,1569651,0.0302,0.3898,26.18,0.2875,17233.9,6135.1
WN,17,225231,1823,223408,70303,3817012,0.0081,0.3147,17.09,0.2875,64219.2,6083.8
AA,19,95265,2785,92480,34071,2361902,0.0292,0.3684,25.54,0.3046,28168.5,5902.5
EV,15,51843,1227,50616,18771,1157821,0.0237,0.3709,22.87,0.2557,12943.2,5827.8
EV,12,63641,1499,62142,17868,1049668,0.0236,0.2875,16.89,0.1956,12155.4,5712.6
WN,16,226192,1982,224210,66028,3538688,0.0088,0.2945,15.78,0.2692,60368.0,5660.0
EV,16,56606,1597,55009,20412,1305511,0.0282,0.3711,23.73,0.2692,14811.0,5601.0
AA,18,117517,3175,114342,39512,2716233,0.027,0.3456,23.76,0.2971,33967.1,5544.9
WN,20,189286,2162,187124,65263,3714827,0.0114,0.3488,19.85,0.3197,59821.7,5441.3
AA,13,125083,3056,122027,31759,2013136,0.0244,0.2603,16.5,0.2173,26518.6,5240.4
EV,14,59220,1418,57802,18863,1172393,0.0239,0.3263,20.28,0.2367,13682.9,5180.1
EV,10,63167,1299,61868,15149,840193,0.0206,0.2449,13.58,0.1619,10019.5,5129.5
