month,scheduled_flights,cancelled_flights,operated_flights,delayed_departure_15_flights,positive_departure_delay_minutes,cancellation_rate,delay_rate,avg_delay_minutes
1,1808611,42872,1765739,357042,21736250,0.0237,0.2022,12.31
2,1666087,57354,1608733,375533,23197856,0.0344,0.2334,14.42
3,1860516,40646,1819870,398489,24529350,0.0218,0.219,13.48
4,1798125,28097,1770028,327624,19836400,0.0156,0.1851,11.21
5,1840821,20127,1820694,320945,19249504,0.0109,0.1763,10.57
6,1836260,38262,1797998,441292,29096138,0.0208,0.2454,16.18
7,1897735,34839,1862896,428198,28281346,0.0184,0.2299,15.18
8,1894290,31913,1862377,389281,24804682,0.0168,0.209,13.32
9,1726032,26370,1699662,253335,15639390,0.0153,0.1491,9.2
10,1797915,21975,1775940,295951,18033170,0.0122,0.1666,10.15
11,1714618,20295,1694323,276367,16829753,0.0118,0.1631,9.93
12,1766096,57425,1708671,460896,29717409,0.0325,0.2697,17.39
