Category,SalesChannel,orders,units,gross_sales,returned_sales,net_sales,return_rate,avg_order_value
Home & Garden,Mobile App,99,315,115987.45,73969.23,42018.22,0.5758,1171.59
Electronics,Website,107,337,129756.2,73225.86,56530.34,0.5514,1212.67
Fashion,Website,112,344,161321.82,83604.72,77717.1,0.5446,1440.37
Home & Garden,Website,104,323,132400.53,64723.54,67676.99,0.5288,1273.08
Fashion,Mobile App,131,397,167679.44,87672.87,80006.57,0.5191,1280.0
Electronics,Mobile App,108,323,152164.2,78806.27,73357.93,0.5,1408.93
Fashion,In-Store,100,296,122213.24,54506.78,67706.46,0.5,1222.13
Electronics,In-Store,121,383,158549.84,74284.36,84265.48,0.4876,1310.33
Home & Garden,In-Store,118,351,140672.83,52909.39,87763.44,0.4492,1192.14
