CustomerID,orders,units,gross_sales,returned_sales,net_sales,return_rate,avg_order_value
383,4,18,12157.31,3428.45,8728.86,0.25,3039.33
205,4,16,9065.55,486.4,8579.15,0.25,2266.39
466,8,27,10623.11,2614.2,8008.91,0.5,1327.89
141,4,19,10253.65,2824.6,7429.05,0.25,2563.41
9,5,18,8867.89,2145.66,6722.23,0.4,1773.58
160,5,20,9912.24,3487.0,6425.24,0.4,1982.45
157,5,17,11836.95,5532.68,6304.27,0.6,2367.39
40,4,16,8046.5,1841.68,6204.82,0.25,2011.62
307,3,10,6136.78,0.0,6136.78,0.0,2045.59
359,2,10,5710.8,0.0,5710.8,0.0,2855.4
