ProductID,Category,orders,units,gross_sales,returned_sales,net_sales,return_rate,avg_order_value
147,Home & Garden,3,12,8596.45,1429.0,7167.45,0.3333,2865.48
200,Home & Garden,4,16,6603.14,145.68,6457.46,0.25,1650.78
496,Home & Garden,6,20,6697.09,345.98,6351.11,0.3333,1116.18
387,Fashion,2,9,6080.21,0.0,6080.21,0.0,3040.1
444,Electronics,3,13,5980.08,0.0,5980.08,0.0,1993.36
228,Fashion,4,14,5865.95,371.4,5494.55,0.25,1466.49
328,Fashion,2,9,5073.87,0.0,5073.87,0.0,2536.94
215,Home & Garden,4,17,5001.81,0.0,5001.81,0.0,1250.45
247,Electronics,2,8,4930.72,0.0,4930.72,0.0,2465.36
174,Fashion,3,11,4734.51,0.0,4734.51,0.0,1578.17
