utc_date,impressions,page_clicks,paid_clicks,blocked_clicks,revenue,ad_spend,gross_profit,ctr,roas,cpc,rpc,blocked_click_rate
2020-01-01,649,383,323,60,1833.6,360.46,1473.14,0.5901,5.0868,1.12,5.68,0.1567
2020-01-02,480,308,214,94,1421.99,216.98,1205.01,0.6417,6.5536,1.01,6.64,0.3052
2020-01-03,43,11,4,7,16.85,93.77,-76.92,0.2558,0.1797,23.44,4.21,0.6364
2020-01-04,782,149,84,65,679.07,215.16,463.91,0.1905,3.1561,2.56,8.08,0.4362
2020-01-05,500,279,194,85,826.53,505.39,321.14,0.558,1.6354,2.61,4.26,0.3047
2020-01-06,712,192,94,98,566.83,253.26,313.58,0.2697,2.2382,2.69,6.03,0.5104
2020-01-07,617,611,544,67,3027.91,215.83,2812.09,0.9903,14.0293,0.4,5.57,0.1097
2020-01-08,510,466,395,71,1092.09,341.23,750.86,0.9137,3.2004,0.86,2.76,0.1524
2020-01-09,378,289,195,94,732.17,336.86,395.31,0.7646,2.1735,1.73,3.75,0.3253
2020-01-10,311,102,43,59,379.49,303.99,75.5,0.328,1.2484,7.07,8.83,0.5784
2020-01-11,669,568,487,81,1685.03,581.36,1103.67,0.849,2.8984,1.19,3.46,0.1426
2020-01-12,470,411,323,88,1725.21,342.16,1383.05,0.8745,5.0421,1.06,5.34,0.2141
2020-01-13,352,192,96,96,575.79,275.08,300.71,0.5455,2.0932,2.87,6.0,0.5
2020-01-14,797,570,490,80,2677.43,285.94,2391.49,0.7152,9.3636,0.58,5.46,0.1404
2020-01-15,449,439,376,63,967.66,429.38,538.28,0.9777,2.2536,1.14,2.57,0.1435
2020-01-16,472,136,44,92,453.1,209.85,243.25,0.2881,2.1592,4.77,10.3,0.6765
2020-01-17,715,449,359,90,1102.79,304.39,798.4,0.628,3.6229,0.85,3.07,0.2004
2020-01-18,674,654,584,70,1667.5,255.63,1411.87,0.9703,6.5231,0.44,2.86,0.107
2020-01-19,496,167,74,93,737.43,259.1,478.32,0.3367,2.8461,3.5,9.97,0.5569
2020-01-20,495,398,333,65,1553.02,263.55,1289.48,0.804,5.8928,0.79,4.66,0.1633
2020-01-21,523,141,51,90,565.56,261.44,304.12,0.2696,2.1633,5.13,11.09,0.6383
2020-01-22,36,11,8,3,11.47,85.15,-73.68,0.3056,0.1347,10.64,1.43,0.2727
2020-01-23,511,466,394,72,1169.92,376.77,793.16,0.9119,3.1052,0.96,2.97,0.1545
2020-01-24,714,515,430,85,1244.78,318.23,926.55,0.7213,3.9116,0.74,2.89,0.165
2020-01-25,458,236,146,90,832.38,513.36,319.02,0.5153,1.6214,3.52,5.7,0.3814
2020-01-26,701,251,188,63,788.39,478.51,309.88,0.3581,1.6476,2.55,4.19,0.251
2020-01-27,405,111,20,91,275.58,505.6,-230.02,0.2741,0.5451,25.28,13.78,0.8198
2020-01-28,421,421,321,100,1130.93,257.6,873.33,1.0,4.3903,0.8,3.52,0.2375
2020-01-29,606,397,337,60,1607.86,236.82,1371.03,0.6551,6.7893,0.7,4.77,0.1511
2020-01-30,447,384,292,92,1607.62,256.1,1351.52,0.8591,6.2773,0.88,5.51,0.2396
2020-01-31,653,144,72,72,435.48,305.81,129.67,0.2205,1.424,4.25,6.05,0.5
2020-02-01,452,437,345,92,1747.97,565.36,1182.61,0.9668,3.0918,1.64,5.07,0.2105
2020-02-02,534,407,320,87,1230.6,244.17,986.42,0.7622,5.0398,0.76,3.85,0.2138
2020-02-03,778,439,380,59,1283.16,366.31,916.85,0.5643,3.5029,0.96,3.38,0.1344
2020-02-04,465,241,167,74,1199.63,435.34,764.3,0.5183,2.7557,2.61,7.18,0.3071
2020-02-05,33,27,21,6,34.5,42.14,-7.64,0.8182,0.8187,2.01,1.64,0.2222
2020-02-06,510,464,381,83,1912.71,260.2,1652.52,0.9098,7.3511,0.68,5.02,0.1789
2020-02-07,360,170,83,87,415.41,300.06,115.35,0.4722,1.3844,3.62,5.0,0.5118
2020-02-08,11,11,9,2,5.64,33.0,-27.35,1.0,0.171,3.67,0.63,0.1818
2020-02-09,608,179,126,53,539.2,476.33,62.87,0.2944,1.132,3.78,4.28,0.2961
2020-02-10,356,181,129,52,656.54,508.68,147.86,0.5084,1.2907,3.94,5.09,0.2873
2020-02-11,504,463,373,90,1779.13,239.65,1539.48,0.9187,7.424,0.64,4.77,0.1944
2020-02-12,398,108,38,70,478.87,384.9,93.97,0.2714,1.2441,10.13,12.6,0.6481
2020-02-13,23,15,9,6,29.84,47.79,-17.96,0.6522,0.6243,5.31,3.32,0.4
2020-02-14,26,18,10,8,30.07,37.33,-7.25,0.6923,0.8057,3.73,3.01,0.4444
2020-02-15,402,152,92,60,391.48,458.85,-67.38,0.3781,0.8532,4.99,4.26,0.3947
2020-02-16,437,297,197,100,1195.27,482.26,713.01,0.6796,2.4785,2.45,6.07,0.3367
2020-02-17,601,419,353,66,1320.56,440.2,880.36,0.6972,2.9999,1.25,3.74,0.1575
2020-02-18,771,691,612,79,1603.14,383.04,1220.1,0.8962,4.1853,0.63,2.62,0.1143
2020-02-19,703,411,342,69,1661.29,366.14,1295.15,0.5846,4.5373,1.07,4.86,0.1679
2020-02-20,351,160,107,53,461.75,245.39,216.35,0.4558,1.8817,2.29,4.32,0.3312
2020-02-21,596,348,280,68,1492.25,583.68,908.57,0.5839,2.5566,2.08,5.33,0.1954
2020-02-22,677,288,237,51,1018.59,367.82,650.77,0.4254,2.7692,1.55,4.3,0.1771
2020-02-23,38,12,3,9,7.9,47.2,-39.3,0.3158,0.1674,15.73,2.63,0.75
2020-02-24,430,193,116,77,943.65,463.19,480.46,0.4488,2.0373,3.99,8.13,0.399
2020-02-25,490,132,46,86,300.24,225.72,74.52,0.2694,1.3302,4.91,6.53,0.6515
2020-02-26,475,466,372,94,2137.5,370.14,1767.37,0.9811,5.7749,0.99,5.75,0.2017
2020-02-27,499,370,270,100,1405.54,368.92,1036.62,0.7415,3.8099,1.37,5.21,0.2703
2020-02-28,479,389,329,60,1081.93,397.54,684.39,0.8121,2.7215,1.21,3.29,0.1542
2020-02-29,42,14,10,4,20.83,33.83,-13.01,0.3333,0.6156,3.38,2.08,0.2857
2020-03-01,638,599,540,59,1893.72,248.19,1645.53,0.9389,7.63,0.46,3.51,0.0985
2020-03-02,19,11,8,3,8.35,33.42,-25.08,0.5789,0.2497,4.18,1.04,0.2727
2020-03-03,301,275,215,60,975.53,271.24,704.29,0.9136,3.5966,1.26,4.54,0.2182
2020-03-04,413,327,272,55,1135.62,458.77,676.85,0.7918,2.4753,1.69,4.18,0.1682
2020-03-05,612,573,507,66,1806.57,252.25,1554.31,0.9363,7.1617,0.5,3.56,0.1152
2020-03-06,440,101,14,87,498.56,307.91,190.66,0.2295,1.6192,21.99,35.61,0.8614
2020-03-07,495,266,182,84,658.36,448.82,209.54,0.5374,1.4669,2.47,3.62,0.3158
2020-03-08,428,298,235,63,1209.06,275.63,933.43,0.6963,4.3866,1.17,5.14,0.2114
2020-03-09,676,364,274,90,1289.03,309.85,979.18,0.5385,4.1602,1.13,4.7,0.2473
2020-03-10,485,228,162,66,1124.2,342.26,781.93,0.4701,3.2846,2.11,6.94,0.2895
2020-03-11,568,430,332,98,1271.9,522.53,749.37,0.757,2.4341,1.57,3.83,0.2279
2020-03-12,329,267,175,92,925.93,371.74,554.2,0.8116,2.4908,2.12,5.29,0.3446
2020-03-13,570,196,127,69,659.86,425.88,233.98,0.3439,1.5494,3.35,5.2,0.352
2020-03-14,302,154,73,81,502.02,371.4,130.62,0.5099,1.3517,5.09,6.88,0.526
2020-03-15,588,221,143,78,594.06,597.5,-3.44,0.3759,0.9942,4.18,4.15,0.3529
2020-03-16,795,260,169,91,576.24,598.33,-22.09,0.327,0.9631,3.54,3.41,0.35
2020-03-17,27,22,19,3,12.31,71.66,-59.34,0.8148,0.1718,3.77,0.65,0.1364
2020-03-18,655,480,385,95,2356.63,374.13,1982.5,0.7328,6.299,0.97,6.12,0.1979
2020-03-19,653,268,215,53,1326.81,211.93,1114.88,0.4104,6.2605,0.99,6.17,0.1978
2020-03-20,634,270,172,98,1194.73,515.74,678.99,0.4259,2.3165,3.0,6.95,0.363
2020-03-21,24,20,18,2,13.71,70.19,-56.48,0.8333,0.1953,3.9,0.76,0.1
2020-03-22,795,145,82,63,480.85,460.94,19.9,0.1824,1.0432,5.62,5.86,0.4345
2020-03-23,38,11,8,3,19.03,10.62,8.41,0.2895,1.7914,1.33,2.38,0.2727
2020-03-24,33,19,11,8,24.61,18.73,5.87,0.5758,1.3135,1.7,2.24,0.4211
2020-03-25,572,303,227,76,1077.02,588.37,488.65,0.5297,1.8305,2.59,4.74,0.2508
2020-03-26,749,182,105,77,548.97,511.21,37.76,0.243,1.0739,4.87,5.23,0.4231
2020-03-27,33,13,10,3,7.98,19.68,-11.7,0.3939,0.4055,1.97,0.8,0.2308
2020-03-28,454,185,129,56,740.77,305.75,435.02,0.4075,2.4228,2.37,5.74,0.3027
2020-03-29,399,309,222,87,1083.8,373.0,710.8,0.7744,2.9057,1.68,4.88,0.2816
2020-03-30,21,21,11,10,26.04,90.75,-64.72,1.0,0.2869,8.25,2.37,0.4762
2020-03-31,735,502,416,86,1435.81,316.26,1119.55,0.683,4.5399,0.76,3.45,0.1713
2020-04-01,404,205,138,67,552.74,450.26,102.48,0.5074,1.2276,3.26,4.01,0.3268
2020-04-02,29,17,11,6,32.8,79.68,-46.88,0.5862,0.4116,7.24,2.98,0.3529
2020-04-03,324,252,152,100,1108.46,378.37,730.09,0.7778,2.9296,2.49,7.29,0.3968
2020-04-04,746,714,648,66,1430.39,370.15,1060.24,0.9571,3.8643,0.57,2.21,0.0924
2020-04-05,414,148,85,63,466.4,393.63,72.77,0.3575,1.1849,4.63,5.49,0.4257
2020-04-06,630,489,402,87,2115.93,224.98,1890.95,0.7762,9.405,0.56,5.26,0.1779
2020-04-07,438,237,173,64,556.3,557.37,-1.07,0.5411,0.9981,3.22,3.22,0.27
2020-04-08,786,153,63,90,680.93,510.82,170.11,0.1947,1.333,8.11,10.81,0.5882
2020-04-09,470,145,71,74,325.66,460.21,-134.55,0.3085,0.7076,6.48,4.59,0.5103
2020-04-10,367,143,81,62,384.37,283.37,101.0,0.3896,1.3564,3.5,4.75,0.4336
2020-04-11,753,524,466,58,2112.43,386.19,1726.24,0.6959,5.4699,0.83,4.53,0.1107
2020-04-12,660,300,231,69,1491.28,395.07,1096.21,0.4545,3.7747,1.71,6.46,0.23
2020-04-13,797,493,413,80,1263.44,589.22,674.22,0.6186,2.1443,1.43,3.06,0.1623
2020-04-14,638,568,483,85,1180.65,260.55,920.1,0.8903,4.5314,0.54,2.44,0.1496
2020-04-15,406,378,286,92,1666.16,369.81,1296.34,0.931,4.5054,1.29,5.83,0.2434
2020-04-16,632,510,419,91,1092.98,206.79,886.19,0.807,5.2855,0.49,2.61,0.1784
2020-04-17,670,528,475,53,2405.58,393.61,2011.97,0.7881,6.1115,0.83,5.06,0.1004
2020-04-18,762,745,652,93,2190.89,447.07,1743.83,0.9777,4.9006,0.69,3.36,0.1248
2020-04-19,28,28,22,6,33.3,86.28,-52.99,1.0,0.3859,3.92,1.51,0.2143
2020-04-20,698,685,605,80,3328.07,382.66,2945.42,0.9814,8.6973,0.63,5.5,0.1168
2020-04-21,709,236,185,51,1096.91,317.36,779.54,0.3329,3.4563,1.72,5.93,0.2161
2020-04-22,381,187,109,78,571.53,293.8,277.73,0.4908,1.9453,2.7,5.24,0.4171
2020-04-23,655,307,214,93,1135.03,210.86,924.17,0.4687,5.3829,0.99,5.3,0.3029
2020-04-24,365,163,73,90,413.26,448.49,-35.23,0.4466,0.9215,6.14,5.66,0.5521
2020-04-25,27,24,15,9,42.93,87.64,-44.71,0.8889,0.4898,5.84,2.86,0.375
2020-04-26,15,10,6,4,19.58,41.35,-21.77,0.6667,0.4735,6.89,3.26,0.4
2020-04-27,745,213,127,86,474.25,457.24,17.01,0.2859,1.0372,3.6,3.73,0.4038
2020-04-28,306,120,59,61,568.82,477.08,91.75,0.3922,1.1923,8.09,9.64,0.5083
2020-04-29,322,228,178,50,509.28,442.3,66.98,0.7081,1.1514,2.48,2.86,0.2193
2020-04-30,19,11,2,9,16.26,36.81,-20.55,0.5789,0.4418,18.4,8.13,0.8182
2020-05-01,349,137,65,72,405.47,267.86,137.6,0.3926,1.5137,4.12,6.24,0.5255
2020-05-02,769,637,577,60,2722.76,581.34,2141.42,0.8283,4.6836,1.01,4.72,0.0942
2020-05-03,40,37,36,1,42.35,71.86,-29.51,0.925,0.5893,2.0,1.18,0.027
2020-05-04,503,203,141,62,881.31,337.73,543.59,0.4036,2.6095,2.4,6.25,0.3054
2020-05-05,401,143,61,82,541.37,595.74,-54.36,0.3566,0.9087,9.77,8.87,0.5734
2020-05-06,665,222,146,76,697.93,498.95,198.98,0.3338,1.3988,3.42,4.78,0.3423
2020-05-07,356,225,149,76,602.67,430.74,171.93,0.632,1.3992,2.89,4.04,0.3378
2020-05-08,428,204,109,95,672.57,500.82,171.74,0.4766,1.3429,4.59,6.17,0.4657
2020-05-09,345,115,31,84,288.36,452.63,-164.27,0.3333,0.6371,14.6,9.3,0.7304
2020-05-10,346,113,14,99,428.39,319.77,108.62,0.3266,1.3397,22.84,30.6,0.8761
2020-05-11,552,306,209,97,1058.82,541.84,516.98,0.5543,1.9541,2.59,5.07,0.317
2020-05-12,608,257,197,60,1206.17,564.05,642.13,0.4227,2.1384,2.86,6.12,0.2335
2020-05-13,505,351,299,52,909.07,548.11,360.96,0.695,1.6586,1.83,3.04,0.1481
2020-05-14,595,326,227,99,1022.46,257.78,764.68,0.5479,3.9664,1.14,4.5,0.3037
2020-05-15,673,240,173,67,866.88,237.21,629.67,0.3566,3.6545,1.37,5.01,0.2792
2020-05-16,544,177,77,100,805.29,577.38,227.91,0.3254,1.3947,7.5,10.46,0.565
2020-05-17,432,308,208,100,1196.58,332.77,863.81,0.713,3.5958,1.6,5.75,0.3247
2020-05-18,16,12,12,0,13.09,42.37,-29.27,0.75,0.309,3.53,1.09,0.0
2020-05-19,763,242,162,80,802.87,265.8,537.07,0.3172,3.0206,1.64,4.96,0.3306
2020-05-20,696,198,138,60,800.5,372.0,428.5,0.2845,2.1519,2.7,5.8,0.303
2020-05-21,12,10,4,6,15.04,24.78,-9.74,0.8333,0.6069,6.2,3.76,0.6
2020-05-22,486,399,322,77,1183.67,563.48,620.19,0.821,2.1006,1.75,3.68,0.193
2020-05-23,22,16,6,10,12.0,81.73,-69.74,0.7273,0.1468,13.62,2.0,0.625
2020-05-24,636,279,216,63,799.58,575.8,223.78,0.4387,1.3886,2.67,3.7,0.2258
2020-05-25,507,380,303,77,870.35,580.39,289.96,0.7495,1.4996,1.92,2.87,0.2026
2020-05-26,800,658,604,54,3136.25,534.59,2601.66,0.8225,5.8667,0.89,5.19,0.0821
2020-05-27,312,311,242,69,1483.87,274.09,1209.78,0.9968,5.4139,1.13,6.13,0.2219
2020-05-28,557,438,371,67,1388.79,521.37,867.42,0.7864,2.6637,1.41,3.74,0.153
2020-05-29,314,311,250,61,742.99,305.79,437.2,0.9904,2.4298,1.22,2.97,0.1961
2020-05-30,375,159,60,99,355.55,255.69,99.86,0.424,1.3905,4.26,5.93,0.6226
2020-05-31,644,218,165,53,829.73,577.95,251.78,0.3385,1.4356,3.5,5.03,0.2431
2020-06-01,798,130,33,97,608.91,325.99,282.92,0.1629,1.8679,9.88,18.45,0.7462
2020-06-02,49,48,45,3,34.19,20.77,13.43,0.9796,1.6465,0.46,0.76,0.0625
2020-06-03,475,327,267,60,954.69,276.35,678.34,0.6884,3.4547,1.04,3.58,0.1835
2020-06-04,301,105,22,83,412.13,209.44,202.69,0.3488,1.9678,9.52,18.73,0.7905
2020-06-05,39,15,15,0,14.24,35.39,-21.15,0.3846,0.4023,2.36,0.95,0.0
2020-06-06,755,519,456,63,2149.87,324.57,1825.3,0.6874,6.6238,0.71,4.71,0.1214
2020-06-07,512,403,326,77,1504.24,404.28,1099.97,0.7871,3.7208,1.24,4.61,0.1911
2020-06-08,22,10,4,6,13.79,16.14,-2.35,0.4545,0.8546,4.03,3.45,0.6
2020-06-09,760,112,45,67,434.21,243.44,190.77,0.1474,1.7836,5.41,9.65,0.5982
2020-06-10,35,11,10,1,20.79,27.75,-6.95,0.3143,0.7494,2.77,2.08,0.0909
2020-06-11,712,506,453,53,1339.5,397.32,942.18,0.7107,3.3714,0.88,2.96,0.1047
2020-06-12,377,338,282,56,1146.32,527.1,619.22,0.8966,2.1748,1.87,4.06,0.1657
2020-06-13,441,417,324,93,1390.95,420.84,970.11,0.9456,3.3052,1.3,4.29,0.223
2020-06-14,716,557,492,65,1422.66,405.74,1016.92,0.7779,3.5063,0.82,2.89,0.1167
2020-06-15,33,21,21,0,36.51,29.78,6.73,0.6364,1.2259,1.42,1.74,0.0
2020-06-16,789,595,525,70,2956.34,427.05,2529.29,0.7541,6.9227,0.81,5.63,0.1176
2020-06-17,443,310,213,97,1498.65,301.58,1197.08,0.6998,4.9694,1.42,7.04,0.3129
2020-06-18,487,340,261,79,805.87,290.34,515.53,0.6982,2.7756,1.11,3.09,0.2324
2020-06-19,656,558,505,53,1661.18,375.86,1285.32,0.8506,4.4197,0.74,3.29,0.095
2020-06-20,606,169,70,99,464.4,528.19,-63.79,0.2789,0.8792,7.55,6.63,0.5858
2020-06-21,20,15,10,5,14.89,22.31,-7.42,0.75,0.6673,2.23,1.49,0.3333
2020-06-22,16,13,7,6,25.06,26.63,-1.57,0.8125,0.941,3.8,3.58,0.4615
2020-06-23,782,517,417,100,2344.54,448.91,1895.63,0.6611,5.2227,1.08,5.62,0.1934
2020-06-24,695,429,358,71,2118.27,493.72,1624.55,0.6173,4.2904,1.38,5.92,0.1655
2020-06-25,498,407,318,89,1185.27,231.73,953.53,0.8173,5.1148,0.73,3.73,0.2187
2020-06-26,689,150,50,100,545.96,385.81,160.15,0.2177,1.4151,7.72,10.92,0.6667
2020-06-27,646,633,574,59,2927.88,495.35,2432.52,0.9799,5.9107,0.86,5.1,0.0932
2020-06-28,40,24,19,5,43.6,46.23,-2.63,0.6,0.9431,2.43,2.29,0.2083
2020-06-29,455,122,29,93,250.31,466.42,-216.11,0.2681,0.5367,16.08,8.63,0.7623
2020-06-30,493,362,303,59,947.25,456.18,491.07,0.7343,2.0765,1.51,3.13,0.163
2020-07-01,307,142,89,53,572.19,458.52,113.67,0.4625,1.2479,5.15,6.43,0.3732
2020-07-02,788,118,41,77,589.64,498.2,91.44,0.1497,1.1836,12.15,14.38,0.6525
2020-07-03,730,249,184,65,933.24,413.9,519.34,0.3411,2.2547,2.25,5.07,0.261
2020-07-04,567,394,340,54,884.02,406.0,478.02,0.6949,2.1774,1.19,2.6,0.1371
2020-07-05,382,256,177,79,599.87,456.47,143.4,0.6702,1.3141,2.58,3.39,0.3086
2020-07-06,609,605,530,75,2477.29,444.12,2033.16,0.9934,5.5779,0.84,4.67,0.124
2020-07-07,41,14,11,3,16.82,22.28,-5.47,0.3415,0.7547,2.03,1.53,0.2143
2020-07-08,323,157,93,64,324.87,533.0,-208.13,0.4861,0.6095,5.73,3.49,0.4076
2020-07-09,603,369,282,87,1585.59,307.76,1277.82,0.6119,5.152,1.09,5.62,0.2358
2020-07-10,535,428,355,73,1230.72,331.81,898.9,0.8,3.7091,0.93,3.47,0.1706
2020-07-11,742,226,131,95,924.36,278.07,646.3,0.3046,3.3242,2.12,7.06,0.4204
2020-07-12,41,37,29,8,23.49,83.08,-59.59,0.9024,0.2828,2.86,0.81,0.2162
2020-07-13,687,367,288,79,883.06,450.02,433.03,0.5342,1.9622,1.56,3.07,0.2153
2020-07-14,13,11,2,9,20.94,16.28,4.66,0.8462,1.2865,8.14,10.47,0.8182
2020-07-15,360,338,246,92,1663.46,295.61,1367.84,0.9389,5.6271,1.2,6.76,0.2722
2020-07-16,484,160,71,89,715.94,237.22,478.72,0.3306,3.018,3.34,10.08,0.5562
2020-07-17,306,300,203,97,753.75,272.27,481.48,0.9804,2.7684,1.34,3.71,0.3233
2020-07-18,600,489,409,80,1691.78,486.81,1204.97,0.815,3.4753,1.19,4.14,0.1636
2020-07-19,32,30,28,2,39.75,90.73,-50.98,0.9375,0.4381,3.24,1.42,0.0667
2020-07-20,532,376,306,70,1261.99,368.47,893.51,0.7068,3.4249,1.2,4.12,0.1862
2020-07-21,40,11,10,1,18.66,74.81,-56.15,0.275,0.2495,7.48,1.87,0.0909
2020-07-22,332,254,156,98,776.42,308.51,467.91,0.7651,2.5167,1.98,4.98,0.3858
2020-07-23,360,265,180,85,824.69,310.71,513.98,0.7361,2.6542,1.73,4.58,0.3208
2020-07-24,638,471,391,80,1089.91,436.04,653.87,0.7382,2.4995,1.12,2.79,0.1699
2020-07-25,16,14,14,0,21.67,83.87,-62.2,0.875,0.2583,5.99,1.55,0.0
2020-07-26,665,415,345,70,1702.87,484.24,1218.63,0.6241,3.5166,1.4,4.94,0.1687
2020-07-27,432,399,337,62,1479.3,431.48,1047.82,0.9236,3.4284,1.28,4.39,0.1554
2020-07-28,611,142,75,67,429.1,430.83,-1.73,0.2324,0.996,5.74,5.72,0.4718
2020-07-29,590,574,515,59,2570.28,223.33,2346.95,0.9729,11.5088,0.43,4.99,0.1028
2020-07-30,643,238,169,69,1119.44,240.54,878.89,0.3701,4.6538,1.42,6.62,0.2899
2020-07-31,636,618,543,75,2686.78,449.14,2237.64,0.9717,5.9821,0.83,4.95,0.1214
2020-08-01,563,451,352,99,1605.49,215.42,1390.06,0.8011,7.4527,0.61,4.56,0.2195
2020-08-02,423,223,133,90,976.25,231.91,744.33,0.5272,4.2095,1.74,7.34,0.4036
2020-08-03,600,548,463,85,1577.35,436.3,1141.05,0.9133,3.6153,0.94,3.41,0.1551
2020-08-04,503,490,435,55,1567.24,556.67,1010.57,0.9742,2.8154,1.28,3.6,0.1122
2020-08-05,27,17,9,8,28.92,76.15,-47.23,0.6296,0.3798,8.46,3.21,0.4706
2020-08-06,19,19,16,3,36.49,25.23,11.26,1.0,1.4463,1.58,2.28,0.1579
2020-08-07,688,105,37,68,474.1,239.59,234.51,0.1526,1.9788,6.48,12.81,0.6476
2020-08-08,702,688,595,93,2642.01,541.29,2100.72,0.9801,4.881,0.91,4.44,0.1352
2020-08-09,741,228,168,60,840.46,410.87,429.59,0.3077,2.0456,2.45,5.0,0.2632
2020-08-10,38,33,26,7,33.4,91.96,-58.57,0.8684,0.3631,3.54,1.28,0.2121
2020-08-11,622,245,169,76,603.23,313.53,289.7,0.3939,1.924,1.86,3.57,0.3102
2020-08-12,342,289,239,50,785.82,507.15,278.67,0.845,1.5495,2.12,3.29,0.173
2020-08-13,22,18,12,6,28.69,10.86,17.84,0.8182,2.6429,0.9,2.39,0.3333
2020-08-14,348,234,179,55,491.3,318.32,172.97,0.6724,1.5434,1.78,2.74,0.235
2020-08-15,20,17,7,10,9.4,53.41,-44.0,0.85,0.1761,7.63,1.34,0.5882
2020-08-16,500,118,65,53,352.14,296.23,55.9,0.236,1.1887,4.56,5.42,0.4492
2020-08-17,518,331,244,87,1253.2,226.92,1026.28,0.639,5.5227,0.93,5.14,0.2628
2020-08-18,499,177,82,95,831.59,238.24,593.35,0.3547,3.4905,2.91,10.14,0.5367
2020-08-19,39,37,31,6,37.84,57.21,-19.37,0.9487,0.6614,1.85,1.22,0.1622
2020-08-20,796,392,306,86,1495.62,214.14,1281.48,0.4925,6.9844,0.7,4.89,0.2194
2020-08-21,737,541,469,72,1629.65,586.98,1042.67,0.7341,2.7763,1.25,3.47,0.1331
2020-08-22,333,103,19,84,410.22,328.84,81.38,0.3093,1.2475,17.31,21.59,0.8155
2020-08-23,646,629,571,58,1720.81,530.24,1190.57,0.9737,3.2454,0.93,3.01,0.0922
2020-08-24,395,243,146,97,710.71,227.46,483.25,0.6152,3.1245,1.56,4.87,0.3992
2020-08-25,627,625,537,88,1551.04,437.78,1113.27,0.9968,3.543,0.82,2.89,0.1408
2020-08-26,391,289,210,79,1378.31,509.43,868.88,0.7391,2.7056,2.43,6.56,0.2734
2020-08-27,746,543,468,75,1592.36,386.82,1205.55,0.7279,4.1166,0.83,3.4,0.1381
2020-08-28,459,199,134,65,953.47,342.43,611.04,0.4336,2.7844,2.56,7.12,0.3266
2020-08-29,761,190,110,80,620.65,256.07,364.58,0.2497,2.4237,2.33,5.64,0.4211
2020-08-30,776,714,658,56,3543.34,329.49,3213.85,0.9201,10.7541,0.5,5.39,0.0784
2020-08-31,788,290,216,74,1033.99,419.6,614.4,0.368,2.4643,1.94,4.79,0.2552
2020-09-01,464,288,206,82,1379.71,220.8,1158.91,0.6207,6.2486,1.07,6.7,0.2847
2020-09-02,705,482,404,78,1532.47,370.57,1161.9,0.6837,4.1355,0.92,3.79,0.1618
2020-09-03,430,425,339,86,2115.23,308.0,1807.23,0.9884,6.8676,0.91,6.24,0.2024
2020-09-04,621,524,469,55,1080.39,289.31,791.09,0.8438,3.7344,0.62,2.3,0.105
2020-09-05,27,25,16,9,23.34,79.3,-55.95,0.9259,0.2944,4.96,1.46,0.36
2020-09-06,42,41,37,4,27.68,26.75,0.92,0.9762,1.0345,0.72,0.75,0.0976
2020-09-07,624,476,402,74,1904.05,562.36,1341.69,0.7628,3.3858,1.4,4.74,0.1555
2020-09-08,398,382,320,62,1675.19,509.68,1165.51,0.9598,3.2867,1.59,5.23,0.1623
2020-09-09,574,250,198,52,1122.91,538.61,584.31,0.4355,2.0848,2.72,5.67,0.208
2020-09-10,439,416,336,80,2061.13,235.38,1825.75,0.9476,8.7566,0.7,6.13,0.1923
2020-09-11,712,556,482,74,1676.43,426.24,1250.19,0.7809,3.933,0.88,3.48,0.1331
2020-09-12,306,257,197,60,1233.44,214.49,1018.95,0.8399,5.7505,1.09,6.26,0.2335
2020-09-13,469,299,234,65,1057.74,513.08,544.66,0.6375,2.0615,2.19,4.52,0.2174
2020-09-14,637,118,33,85,301.76,313.68,-11.92,0.1852,0.962,9.51,9.14,0.7203
2020-09-15,23,15,6,9,20.49,36.45,-15.95,0.6522,0.5623,6.07,3.42,0.6
2020-09-16,614,582,502,80,1330.38,446.44,883.94,0.9479,2.98,0.89,2.65,0.1375
2020-09-17,490,486,414,72,1967.0,293.1,1673.9,0.9918,6.7111,0.71,4.75,0.1481
2020-09-18,49,19,9,10,30.78,94.5,-63.72,0.3878,0.3257,10.5,3.42,0.5263
2020-09-19,620,500,430,70,1649.73,486.05,1163.68,0.8065,3.3941,1.13,3.84,0.14
2020-09-20,330,197,97,100,928.7,527.19,401.5,0.597,1.7616,5.43,9.57,0.5076
2020-09-21,24,16,16,0,26.12,66.07,-39.95,0.6667,0.3954,4.13,1.63,0.0
2020-09-22,509,185,100,85,679.06,297.17,381.89,0.3635,2.2851,2.97,6.79,0.4595
2020-09-23,27,14,14,0,14.39,93.1,-78.71,0.5185,0.1546,6.65,1.03,0.0
2020-09-24,441,254,180,74,1032.5,586.68,445.81,0.576,1.7599,3.26,5.74,0.2913
2020-09-25,627,496,431,65,2240.66,583.16,1657.5,0.7911,3.8423,1.35,5.2,0.131
2020-09-26,666,237,179,58,805.49,248.15,557.34,0.3559,3.2459,1.39,4.5,0.2447
2020-09-27,497,330,258,72,722.1,414.35,307.74,0.664,1.7427,1.61,2.8,0.2182
2020-09-28,50,21,21,0,21.11,86.14,-65.02,0.42,0.2451,4.1,1.01,0.0
2020-09-29,532,189,126,63,879.94,312.51,567.43,0.3553,2.8157,2.48,6.98,0.3333
2020-09-30,24,10,9,1,15.05,66.83,-51.79,0.4167,0.2252,7.43,1.67,0.1
2020-10-01,13,10,5,5,11.22,59.89,-48.67,0.7692,0.1874,11.98,2.24,0.5
2020-10-02,771,417,327,90,1314.06,233.1,1080.95,0.5409,5.6373,0.71,4.02,0.2158
2020-10-03,311,169,119,50,397.35,589.04,-191.69,0.5434,0.6746,4.95,3.34,0.2959
2020-10-04,23,23,19,4,32.11,28.63,3.48,1.0,1.1217,1.51,1.69,0.1739
2020-10-05,17,15,7,8,28.76,53.65,-24.89,0.8824,0.536,7.66,4.11,0.5333
2020-10-06,667,518,449,69,2246.94,446.57,1800.37,0.7766,5.0316,0.99,5.0,0.1332
2020-10-07,306,101,5,96,479.43,415.41,64.02,0.3301,1.1541,83.08,95.89,0.9505
2020-10-08,522,504,448,56,2173.39,281.77,1891.62,0.9655,7.7135,0.63,4.85,0.1111
2020-10-09,586,504,429,75,2356.4,466.85,1889.55,0.8601,5.0475,1.09,5.49,0.1488
2020-10-10,306,144,76,68,688.86,295.57,393.29,0.4706,2.3306,3.89,9.06,0.4722
2020-10-11,708,398,311,87,1789.37,230.05,1559.33,0.5621,7.7783,0.74,5.75,0.2186
2020-10-12,489,231,135,96,1113.36,596.64,516.72,0.4724,1.866,4.42,8.25,0.4156
2020-10-13,719,436,345,91,2086.84,233.33,1853.51,0.6064,8.9439,0.68,6.05,0.2087
2020-10-14,619,187,109,78,657.86,250.77,407.09,0.3021,2.6234,2.3,6.04,0.4171
2020-10-15,42,38,29,9,53.5,22.8,30.7,0.9048,2.3468,0.79,1.84,0.2368
2020-10-16,515,271,205,66,1323.46,377.19,946.26,0.5262,3.5087,1.84,6.46,0.2435
2020-10-17,539,163,65,98,494.51,545.72,-51.21,0.3024,0.9062,8.4,7.61,0.6012
2020-10-18,390,202,139,63,743.62,446.55,297.07,0.5179,1.6653,3.21,5.35,0.3119
2020-10-19,705,525,444,81,2414.76,593.79,1820.97,0.7447,4.0667,1.34,5.44,0.1543
2020-10-20,35,17,15,2,24.98,81.78,-56.79,0.4857,0.3055,5.45,1.67,0.1176
2020-10-21,37,15,14,1,18.23,39.81,-21.58,0.4054,0.458,2.84,1.3,0.0667
2020-10-22,435,137,64,73,617.36,393.45,223.92,0.3149,1.5691,6.15,9.65,0.5328
2020-10-23,744,262,183,79,541.33,411.09,130.24,0.3522,1.3168,2.25,2.96,0.3015
2020-10-24,20,11,11,0,13.1,29.05,-15.95,0.55,0.451,2.64,1.19,0.0
2020-10-25,649,597,515,82,1704.3,417.57,1286.73,0.9199,4.0815,0.81,3.31,0.1374
2020-10-26,539,288,233,55,1124.14,588.97,535.18,0.5343,1.9087,2.53,4.82,0.191
2020-10-27,18,16,8,8,28.59,65.77,-37.19,0.8889,0.4346,8.22,3.57,0.5
2020-10-28,320,193,138,55,899.75,516.04,383.72,0.6031,1.7436,3.74,6.52,0.285
2020-10-29,15,10,3,7,15.06,51.14,-36.08,0.6667,0.2946,17.05,5.02,0.7
2020-10-30,666,170,108,62,401.78,498.25,-96.47,0.2553,0.8064,4.61,3.72,0.3647
2020-10-31,427,201,141,60,739.95,330.9,409.05,0.4707,2.2362,2.35,5.25,0.2985
2020-11-01,300,217,166,51,933.32,273.29,660.03,0.7233,3.4151,1.65,5.62,0.235
2020-11-02,657,182,112,70,845.7,380.6,465.09,0.277,2.222,3.4,7.55,0.3846
2020-11-03,530,306,230,76,736.54,230.1,506.43,0.5774,3.2009,1.0,3.2,0.2484
2020-11-04,312,117,47,70,553.68,559.49,-5.81,0.375,0.9896,11.9,11.78,0.5983
2020-11-05,656,637,562,75,2067.92,341.83,1726.09,0.971,6.0496,0.61,3.68,0.1177
2020-11-06,10,10,7,3,10.74,57.52,-46.78,1.0,0.1867,8.22,1.53,0.3
2020-11-07,428,352,267,85,1432.82,532.7,900.12,0.8224,2.6897,2.0,5.37,0.2415
2020-11-08,624,340,280,60,941.51,232.04,709.47,0.5449,4.0575,0.83,3.36,0.1765
2020-11-09,795,288,219,69,826.71,456.34,370.37,0.3623,1.8116,2.08,3.77,0.2396
2020-11-10,301,193,113,80,752.66,310.95,441.72,0.6412,2.4205,2.75,6.66,0.4145
2020-11-11,724,465,405,60,941.42,476.38,465.03,0.6423,1.9762,1.18,2.32,0.129
2020-11-12,380,113,14,99,442.59,261.1,181.49,0.2974,1.6951,18.65,31.61,0.8761
2020-11-13,740,279,186,93,1024.02,323.14,700.87,0.377,3.1689,1.74,5.51,0.3333
2020-11-14,658,276,213,63,686.56,507.27,179.29,0.4195,1.3534,2.38,3.22,0.2283
2020-11-15,717,600,500,100,1446.5,597.54,848.96,0.8368,2.4208,1.2,2.89,0.1667
2020-11-16,19,17,8,9,17.22,96.09,-78.87,0.8947,0.1792,12.01,2.15,0.5294
2020-11-17,603,489,400,89,2436.45,320.14,2116.31,0.8109,7.6106,0.8,6.09,0.182
2020-11-18,30,14,8,6,12.72,10.08,2.64,0.4667,1.2613,1.26,1.59,0.4286
2020-11-19,640,298,234,64,1195.74,314.86,880.89,0.4656,3.7977,1.35,5.11,0.2148
2020-11-20,511,139,60,79,394.4,214.28,180.12,0.272,1.8406,3.57,6.57,0.5683
2020-11-21,470,389,296,93,1173.17,512.42,660.75,0.8277,2.2895,1.73,3.96,0.2391
2020-11-22,379,175,110,65,766.88,356.95,409.93,0.4617,2.1484,3.25,6.97,0.3714
2020-11-23,485,298,230,68,1170.27,553.88,616.39,0.6144,2.1129,2.41,5.09,0.2282
2020-11-24,383,357,274,83,1732.72,290.76,1441.96,0.9321,5.9592,1.06,6.32,0.2325
2020-11-25,789,335,261,74,1282.23,540.32,741.91,0.4246,2.3731,2.07,4.91,0.2209
2020-11-26,785,565,466,99,2323.69,372.41,1951.28,0.7197,6.2395,0.8,4.99,0.1752
2020-11-27,449,429,363,66,1096.37,524.71,571.66,0.9555,2.0895,1.45,3.02,0.1538
2020-11-28,668,263,183,80,611.52,282.44,329.08,0.3937,2.1651,1.54,3.34,0.3042
2020-11-29,42,27,23,4,48.42,10.69,37.73,0.6429,4.5288,0.46,2.11,0.1481
2020-11-30,537,360,285,75,911.8,424.51,487.29,0.6704,2.1479,1.49,3.2,0.2083
2020-12-01,618,589,519,70,2661.47,354.22,2307.24,0.9531,7.5136,0.68,5.13,0.1188
2020-12-02,19,19,18,1,10.49,29.68,-19.19,1.0,0.3534,1.65,0.58,0.0526
2020-12-03,12,10,4,6,13.69,87.68,-73.99,0.8333,0.1561,21.92,3.42,0.6
2020-12-04,22,18,8,10,31.89,53.49,-21.6,0.8182,0.5962,6.69,3.99,0.5556
2020-12-05,432,242,146,96,845.91,433.44,412.47,0.5602,1.9516,2.97,5.79,0.3967
2020-12-06,395,203,141,62,902.97,445.33,457.64,0.5139,2.0277,3.16,6.4,0.3054
2020-12-07,319,229,134,95,549.5,459.64,89.86,0.7179,1.1955,3.43,4.1,0.4148
2020-12-08,26,14,9,5,12.65,38.37,-25.72,0.5385,0.3296,4.26,1.41,0.3571
2020-12-09,491,206,133,73,938.53,310.0,628.53,0.4196,3.0275,2.33,7.06,0.3544
2020-12-10,323,216,129,87,798.37,239.55,558.82,0.6687,3.3328,1.86,6.19,0.4028
2020-12-11,28,26,19,7,17.29,27.82,-10.52,0.9286,0.6217,1.46,0.91,0.2692
2020-12-12,610,510,440,70,1821.39,240.04,1581.35,0.8361,7.5878,0.55,4.14,0.1373
2020-12-13,355,100,35,65,437.21,321.27,115.95,0.2817,1.3609,9.18,12.49,0.65
2020-12-14,435,348,249,99,1003.82,235.74,768.08,0.8,4.2581,0.95,4.03,0.2845
2020-12-15,389,334,255,79,1208.93,470.86,738.07,0.8586,2.5675,1.85,4.74,0.2365
2020-12-16,639,143,78,65,303.11,402.59,-99.48,0.2238,0.7529,5.16,3.89,0.4545
2020-12-17,713,174,117,57,393.2,327.95,65.24,0.244,1.1989,2.8,3.36,0.3276
2020-12-18,639,556,489,67,2186.39,386.31,1800.08,0.8701,5.6596,0.79,4.47,0.1205
2020-12-19,383,307,220,87,674.38,560.83,113.55,0.8016,1.2025,2.55,3.07,0.2834
2020-12-20,656,229,168,61,950.52,552.84,397.68,0.3491,1.7193,3.29,5.66,0.2664
2020-12-21,363,113,63,50,381.45,210.44,171.01,0.3113,1.8126,3.34,6.05,0.4425
2020-12-22,461,269,187,82,1135.96,395.84,740.13,0.5835,2.8698,2.12,6.07,0.3048
2020-12-23,500,389,338,51,778.92,486.46,292.46,0.778,1.6012,1.44,2.3,0.1311
2020-12-24,555,513,462,51,1448.18,270.94,1177.24,0.9243,5.345,0.59,3.13,0.0994
2020-12-25,39,27,19,8,13.71,67.52,-53.8,0.6923,0.2031,3.55,0.72,0.2963
2020-12-26,696,110,12,98,278.42,232.91,45.51,0.158,1.1954,19.41,23.2,0.8909
2020-12-27,796,571,486,85,2823.34,381.77,2441.57,0.7173,7.3954,0.79,5.81,0.1489
2020-12-28,618,114,59,55,355.63,497.54,-141.91,0.1845,0.7148,8.43,6.03,0.4825
2020-12-29,433,365,315,50,795.53,216.24,579.28,0.843,3.6789,0.69,2.53,0.137
2020-12-30,777,356,275,81,1025.46,329.33,696.14,0.4582,3.1138,1.2,3.73,0.2275
2020-12-31,393,218,132,86,490.32,553.23,-62.91,0.5547,0.8863,4.19,3.71,0.3945
2021-01-01,768,299,225,74,667.11,477.89,189.21,0.3893,1.3959,2.12,2.96,0.2475
2021-01-02,348,345,277,68,1539.84,347.37,1192.47,0.9914,4.4329,1.25,5.56,0.1971
2021-01-03,370,153,101,52,325.03,250.91,74.12,0.4135,1.2954,2.48,3.22,0.3399
2021-01-04,547,286,220,66,1322.7,312.86,1009.84,0.5229,4.2278,1.42,6.01,0.2308
2021-01-05,33,24,24,0,40.44,84.42,-43.98,0.7273,0.479,3.52,1.69,0.0
2021-01-06,446,104,42,62,391.58,572.25,-180.67,0.2332,0.6843,13.62,9.32,0.5962
2021-01-07,50,13,5,8,11.4,50.5,-39.1,0.26,0.2258,10.1,2.28,0.6154
2021-01-08,429,310,256,54,1156.85,234.95,921.9,0.7226,4.9239,0.92,4.52,0.1742
2021-01-09,468,289,222,67,584.25,443.86,140.39,0.6175,1.3163,2.0,2.63,0.2318
2021-01-10,24,11,1,10,6.39,72.74,-66.35,0.4583,0.0879,72.74,6.39,0.9091
2021-01-11,637,612,516,96,1905.14,597.75,1307.39,0.9608,3.1872,1.16,3.69,0.1569
2021-01-12,344,329,268,61,879.11,490.21,388.9,0.9564,1.7933,1.83,3.28,0.1854
2021-01-13,577,167,71,96,407.79,322.14,85.65,0.2894,1.2659,4.54,5.74,0.5749
2021-01-14,702,254,200,54,525.42,284.71,240.71,0.3618,1.8455,1.42,2.63,0.2126
2021-01-15,49,20,20,0,11.47,86.07,-74.6,0.4082,0.1333,4.3,0.57,0.0
2021-01-16,411,249,156,93,712.95,453.23,259.72,0.6058,1.573,2.91,4.57,0.3735
2021-01-17,777,695,617,78,2383.2,558.22,1824.99,0.8945,4.2693,0.9,3.86,0.1122
2021-01-18,325,233,152,81,1041.3,417.14,624.16,0.7169,2.4963,2.74,6.85,0.3476
2021-01-19,465,175,125,50,459.68,339.7,119.97,0.3763,1.3532,2.72,3.68,0.2857
2021-01-20,743,360,284,76,1230.13,594.92,635.21,0.4845,2.0677,2.09,4.33,0.2111
2021-01-21,718,329,232,97,1076.21,510.07,566.15,0.4582,2.1099,2.2,4.64,0.2948
2021-01-22,479,279,226,53,1348.4,259.15,1089.25,0.5825,5.2032,1.15,5.97,0.19
2021-01-23,359,221,124,97,797.48,231.98,565.5,0.6156,3.4377,1.87,6.43,0.4389
2021-01-24,410,290,214,76,798.52,410.08,388.43,0.7073,1.9472,1.92,3.73,0.2621
2021-01-25,304,154,76,78,321.28,351.87,-30.6,0.5066,0.9131,4.63,4.23,0.5065
2021-01-26,473,276,211,65,795.85,392.72,403.13,0.5835,2.0265,1.86,3.77,0.2355
2021-01-27,46,35,32,3,40.97,57.57,-16.6,0.7609,0.7117,1.8,1.28,0.0857
2021-01-28,562,525,452,73,1838.09,276.16,1561.92,0.9342,6.6558,0.61,4.07,0.139
2021-01-29,589,226,150,76,977.56,409.43,568.14,0.3837,2.3876,2.73,6.52,0.3363
2021-01-30,320,179,111,68,600.87,308.07,292.8,0.5594,1.9505,2.78,5.41,0.3799
2021-01-31,499,226,148,78,635.39,480.43,154.96,0.4529,1.3225,3.25,4.29,0.3451
2021-02-01,535,110,30,80,332.63,537.35,-204.72,0.2056,0.619,17.91,11.09,0.7273
2021-02-02,321,293,221,72,934.55,226.81,707.74,0.9128,4.1205,1.03,4.23,0.2457
2021-02-03,316,287,213,74,781.32,375.3,406.02,0.9082,2.0819,1.76,3.67,0.2578
2021-02-04,505,166,88,78,503.21,536.19,-32.98,0.3287,0.9385,6.09,5.72,0.4699
2021-02-05,612,330,248,82,1475.29,483.51,991.78,0.5392,3.0512,1.95,5.95,0.2485
2021-02-06,476,472,381,91,1937.04,394.05,1542.99,0.9916,4.9157,1.03,5.08,0.1928
2021-02-07,699,660,568,92,2917.09,512.47,2404.62,0.9442,5.6922,0.9,5.14,0.1394
2021-02-08,714,169,112,57,655.25,365.71,289.54,0.2367,1.7917,3.27,5.85,0.3373
2021-02-09,591,494,434,60,2029.91,300.95,1728.95,0.8359,6.7449,0.69,4.68,0.1215
2021-02-10,45,16,10,6,11.13,31.84,-20.71,0.3556,0.3496,3.18,1.11,0.375
2021-02-11,537,203,124,79,441.24,433.64,7.6,0.378,1.0175,3.5,3.56,0.3892
2021-02-12,31,12,6,6,8.0,72.69,-64.7,0.3871,0.11,12.12,1.33,0.5
2021-02-13,410,409,314,95,1807.88,238.17,1569.71,0.9976,7.5907,0.76,5.76,0.2323
2021-02-14,734,484,403,81,1828.43,358.14,1470.29,0.6594,5.1054,0.89,4.54,0.1674
2021-02-15,373,201,149,52,511.8,557.87,-46.07,0.5389,0.9174,3.74,3.43,0.2587
2021-02-16,613,124,43,81,477.79,458.51,19.28,0.2023,1.042,10.66,11.11,0.6532
2021-02-17,796,513,449,64,1814.94,580.27,1234.67,0.6445,3.1278,1.29,4.04,0.1248
2021-02-18,34,19,9,10,11.69,53.78,-42.09,0.5588,0.2174,5.98,1.3,0.5263
2021-02-19,398,182,110,72,830.91,237.49,593.42,0.4573,3.4988,2.16,7.55,0.3956
2021-02-20,431,318,242,76,1187.58,574.57,613.01,0.7378,2.0669,2.37,4.91,0.239
2021-02-21,350,296,210,86,1344.9,370.42,974.48,0.8457,3.6307,1.76,6.4,0.2905
2021-02-22,336,107,56,51,319.03,350.61,-31.58,0.3185,0.9099,6.26,5.7,0.4766
2021-02-23,756,720,636,84,1911.08,415.29,1495.79,0.9524,4.6018,0.65,3.0,0.1167
2021-02-24,626,193,124,69,401.64,242.99,158.65,0.3083,1.6529,1.96,3.24,0.3575
2021-02-25,385,263,194,69,748.27,427.65,320.62,0.6831,1.7497,2.2,3.86,0.2624
2021-02-26,567,496,398,98,1468.0,586.56,881.44,0.8748,2.5027,1.47,3.69,0.1976
2021-02-27,669,291,238,53,1133.53,478.58,654.95,0.435,2.3685,2.01,4.76,0.1821
2021-02-28,414,200,134,66,961.65,235.72,725.94,0.4831,4.0797,1.76,7.18,0.33
2021-03-01,701,505,435,70,1133.39,213.13,920.26,0.7204,5.3178,0.49,2.61,0.1386
2021-03-02,799,715,620,95,3227.23,483.24,2743.99,0.8949,6.6783,0.78,5.21,0.1329
2021-03-03,757,309,239,70,1403.07,221.92,1181.15,0.4082,6.3225,0.93,5.87,0.2265
2021-03-04,537,144,75,69,549.78,360.63,189.15,0.2682,1.5245,4.81,7.33,0.4792
2021-03-05,565,449,363,86,940.47,454.35,486.12,0.7947,2.0699,1.25,2.59,0.1915
2021-03-06,652,186,128,58,540.56,419.88,120.68,0.2853,1.2874,3.28,4.22,0.3118
2021-03-07,11,11,5,6,17.42,36.33,-18.91,1.0,0.4795,7.27,3.48,0.5455
2021-03-08,395,184,109,75,611.2,594.59,16.62,0.4658,1.0279,5.45,5.61,0.4076
2021-03-09,365,182,113,69,506.97,301.95,205.02,0.4986,1.679,2.67,4.49,0.3791
2021-03-10,655,211,160,51,429.65,450.21,-20.57,0.3221,0.9543,2.81,2.69,0.2417
2021-03-11,749,191,104,87,816.15,459.87,356.28,0.255,1.7747,4.42,7.85,0.4555
2021-03-12,414,169,88,81,350.49,583.77,-233.28,0.4082,0.6004,6.63,3.98,0.4793
2021-03-13,355,251,181,70,1120.31,250.6,869.72,0.707,4.4706,1.38,6.19,0.2789
2021-03-14,46,30,30,0,32.01,52.44,-20.43,0.6522,0.6104,1.75,1.07,0.0
2021-03-15,365,165,77,88,357.97,306.84,51.12,0.4521,1.1666,3.98,4.65,0.5333
2021-03-16,730,475,392,83,2139.52,343.45,1796.07,0.6507,6.2295,0.88,5.46,0.1747
2021-03-17,788,230,144,86,929.03,276.5,652.53,0.2919,3.36,1.92,6.45,0.3739
2021-03-18,354,197,120,77,630.32,350.42,279.9,0.5565,1.7987,2.92,5.25,0.3909
2021-03-19,443,385,285,100,1000.68,569.79,430.89,0.8691,1.7562,2.0,3.51,0.2597
2021-03-20,788,212,138,74,683.85,402.35,281.51,0.269,1.6997,2.92,4.96,0.3491
2021-03-21,573,182,131,51,518.46,321.69,196.77,0.3176,1.6117,2.46,3.96,0.2802
2021-03-22,381,138,73,65,352.09,566.78,-214.69,0.3622,0.6212,7.76,4.82,0.471
2021-03-23,677,536,460,76,1320.51,307.24,1013.27,0.7917,4.2979,0.67,2.87,0.1418
2021-03-24,635,565,494,71,1764.39,569.16,1195.23,0.8898,3.1,1.15,3.57,0.1257
2021-03-25,616,279,195,84,1302.88,393.24,909.64,0.4529,3.3132,2.02,6.68,0.3011
2021-03-26,321,160,86,74,332.56,549.53,-216.96,0.4984,0.6052,6.39,3.87,0.4625
2021-03-27,591,454,354,100,1678.73,526.73,1152.0,0.7682,3.1871,1.49,4.74,0.2203
2021-03-28,642,447,374,73,2133.88,462.43,1671.45,0.6963,4.6145,1.24,5.71,0.1633
2021-03-29,343,287,192,95,716.74,460.56,256.17,0.8367,1.5562,2.4,3.73,0.331
2021-03-30,491,205,143,62,706.5,466.23,240.27,0.4175,1.5153,3.26,4.94,0.3024
2021-03-31,578,334,270,64,1240.33,352.73,887.6,0.5779,3.5164,1.31,4.59,0.1916
2021-04-01,654,519,467,52,1470.68,349.07,1121.62,0.7936,4.2132,0.75,3.15,0.1002
2021-04-02,338,251,187,64,760.56,558.44,202.12,0.7426,1.3619,2.99,4.07,0.255
2021-04-03,571,481,400,81,1054.7,458.21,596.49,0.8424,2.3018,1.15,2.64,0.1684
2021-04-04,421,314,264,50,1180.76,486.15,694.62,0.7458,2.4288,1.84,4.47,0.1592
2021-04-05,31,22,16,6,37.19,25.74,11.45,0.7097,1.445,1.61,2.32,0.2727
2021-04-06,706,616,531,85,2960.9,203.89,2757.0,0.8725,14.5218,0.38,5.58,0.138
2021-04-07,474,106,34,72,355.59,440.5,-84.9,0.2236,0.8073,12.96,10.46,0.6792
2021-04-08,683,347,269,78,949.65,517.63,432.02,0.5081,1.8346,1.92,3.53,0.2248
2021-04-09,614,409,325,84,1252.17,500.69,751.47,0.6661,2.5009,1.54,3.85,0.2054
2021-04-10,443,244,171,73,1027.34,529.14,498.2,0.5508,1.9415,3.09,6.01,0.2992
2021-04-11,753,398,309,89,1392.28,521.49,870.79,0.5286,2.6698,1.69,4.51,0.2236
2021-04-12,305,193,110,83,389.98,480.36,-90.38,0.6328,0.8119,4.37,3.55,0.4301
2021-04-13,29,27,18,9,21.34,76.28,-54.94,0.931,0.2798,4.24,1.19,0.3333
2021-04-14,422,366,298,68,817.6,526.62,290.98,0.8673,1.5525,1.77,2.74,0.1858
2021-04-15,334,124,70,54,255.4,390.15,-134.74,0.3713,0.6546,5.57,3.65,0.4355
2021-04-16,566,368,299,69,1169.98,200.29,969.69,0.6502,5.8415,0.67,3.91,0.1875
2021-04-17,741,238,185,53,817.14,421.34,395.8,0.3212,1.9394,2.28,4.42,0.2227
2021-04-18,680,175,100,75,488.17,498.44,-10.27,0.2574,0.9794,4.98,4.88,0.4286
2021-04-19,577,147,61,86,698.83,410.53,288.3,0.2548,1.7023,6.73,11.46,0.585
2021-04-20,781,269,184,85,572.96,437.54,135.43,0.3444,1.3095,2.38,3.11,0.316
2021-04-21,40,34,26,8,48.62,76.36,-27.74,0.85,0.6367,2.94,1.87,0.2353
2021-04-22,509,439,389,50,1183.81,230.23,953.58,0.8625,5.1419,0.59,3.04,0.1139
2021-04-23,510,411,321,90,888.37,390.45,497.92,0.8059,2.2753,1.22,2.77,0.219
2021-04-24,774,523,470,53,2040.32,335.46,1704.86,0.6757,6.0821,0.71,4.34,0.1013
2021-04-25,611,217,159,58,448.6,328.46,120.13,0.3552,1.3657,2.07,2.82,0.2673
2021-04-26,11,11,6,5,14.17,35.38,-21.21,1.0,0.4004,5.9,2.36,0.4545
2021-04-27,497,195,104,91,591.71,488.57,103.14,0.3924,1.2111,4.7,5.69,0.4667
2021-04-28,34,31,26,5,51.03,58.94,-7.91,0.9118,0.8658,2.27,1.96,0.1613
2021-04-29,563,246,172,74,1039.98,378.87,661.11,0.4369,2.745,2.2,6.05,0.3008
2021-04-30,695,193,113,80,475.52,289.93,185.59,0.2777,1.6401,2.57,4.21,0.4145
2021-05-01,448,239,139,100,634.02,209.84,424.18,0.5335,3.0214,1.51,4.56,0.4184
2021-05-02,347,103,46,57,424.99,299.45,125.54,0.2968,1.4192,6.51,9.24,0.5534
2021-05-03,412,162,76,86,674.83,437.88,236.94,0.3932,1.5411,5.76,8.88,0.5309
2021-05-04,632,470,392,78,1429.51,564.39,865.12,0.7437,2.5328,1.44,3.65,0.166
2021-05-05,305,267,210,57,717.99,356.71,361.27,0.8754,2.0128,1.7,3.42,0.2135
2021-05-06,34,20,19,1,39.8,64.17,-24.37,0.5882,0.6202,3.38,2.09,0.05
2021-05-07,425,185,127,58,908.76,489.64,419.12,0.4353,1.856,3.86,7.16,0.3135
2021-05-08,659,135,83,52,348.81,263.24,85.57,0.2049,1.3251,3.17,4.2,0.3852
2021-05-09,305,132,48,84,282.46,555.08,-272.62,0.4328,0.5089,11.56,5.88,0.6364
2021-05-10,564,469,386,83,1336.1,504.45,831.65,0.8316,2.6486,1.31,3.46,0.177
2021-05-11,744,721,668,53,3098.1,223.84,2874.26,0.9691,13.8404,0.34,4.64,0.0735
2021-05-12,10,10,3,7,18.04,82.64,-64.6,1.0,0.2183,27.55,6.01,0.7
2021-05-13,405,295,229,66,764.18,447.5,316.68,0.7284,1.7077,1.95,3.34,0.2237
2021-05-14,522,482,403,79,1544.11,378.73,1165.38,0.9234,4.077,0.94,3.83,0.1639
2021-05-15,49,21,15,6,21.57,80.17,-58.59,0.4286,0.2691,5.34,1.44,0.2857
2021-05-16,359,158,64,94,484.28,558.61,-74.33,0.4401,0.8669,8.73,7.57,0.5949
2021-05-17,800,281,223,58,779.99,407.97,372.02,0.3512,1.9119,1.83,3.5,0.2064
2021-05-18,435,236,167,69,956.92,580.3,376.62,0.5425,1.649,3.47,5.73,0.2924
2021-05-19,571,123,67,56,526.38,370.84,155.54,0.2154,1.4194,5.53,7.86,0.4553
2021-05-20,423,186,118,68,707.43,208.59,498.85,0.4397,3.3915,1.77,6.0,0.3656
2021-05-21,403,304,221,83,1252.51,580.31,672.21,0.7543,2.1584,2.63,5.67,0.273
2021-05-22,38,37,29,8,68.61,82.9,-14.3,0.9737,0.8276,2.86,2.37,0.2162
2021-05-23,20,14,8,6,23.78,29.99,-6.21,0.7,0.7929,3.75,2.97,0.4286
2021-05-24,27,17,15,2,11.44,77.85,-66.41,0.6296,0.147,5.19,0.76,0.1176
2021-05-25,739,379,281,98,1392.74,258.28,1134.46,0.5129,5.3923,0.92,4.96,0.2586
2021-05-26,554,146,61,85,698.51,207.39,491.11,0.2635,3.368,3.4,11.45,0.5822
2021-05-27,395,155,75,80,694.75,369.94,324.82,0.3924,1.878,4.93,9.26,0.5161
2021-05-28,480,198,108,90,808.14,585.15,223.0,0.4125,1.3811,5.42,7.48,0.4545
2021-05-29,777,524,425,99,1317.53,480.46,837.07,0.6744,2.7422,1.13,3.1,0.1889
2021-05-30,749,286,224,62,912.93,580.27,332.66,0.3818,1.5733,2.59,4.08,0.2168
2021-05-31,656,453,396,57,1648.66,521.52,1127.14,0.6905,3.1613,1.32,4.16,0.1258
2021-06-01,316,162,102,60,795.78,570.74,225.04,0.5127,1.3943,5.6,7.8,0.3704
2021-06-02,410,226,165,61,635.66,225.74,409.92,0.5512,2.8159,1.37,3.85,0.2699
2021-06-03,669,419,346,73,1682.23,461.02,1221.21,0.6263,3.649,1.33,4.86,0.1742
2021-06-04,478,299,230,69,1112.03,561.33,550.7,0.6255,1.9811,2.44,4.83,0.2308
2021-06-05,717,450,361,89,1484.33,575.54,908.79,0.6276,2.579,1.59,4.11,0.1978
2021-06-06,489,437,356,81,935.27,497.57,437.7,0.8937,1.8797,1.4,2.63,0.1854
2021-06-07,316,234,171,63,847.9,422.81,425.09,0.7405,2.0054,2.47,4.96,0.2692
2021-06-08,345,100,40,60,411.12,516.87,-105.75,0.2899,0.7954,12.92,10.28,0.6
2021-06-09,544,314,219,95,1558.25,259.55,1298.7,0.5772,6.0037,1.19,7.12,0.3025
2021-06-10,509,178,111,67,485.31,328.25,157.07,0.3497,1.4785,2.96,4.37,0.3764
2021-06-11,779,658,588,70,2259.31,399.27,1860.04,0.8447,5.6586,0.68,3.84,0.1064
2021-06-12,719,454,380,74,1526.79,518.48,1008.31,0.6314,2.9448,1.36,4.02,0.163
2021-06-13,716,601,516,85,1253.36,521.28,732.08,0.8394,2.4044,1.01,2.43,0.1414
2021-06-14,42,29,24,5,40.34,64.77,-24.44,0.6905,0.6227,2.7,1.68,0.1724
2021-06-15,736,240,146,94,570.01,517.44,52.56,0.3261,1.1016,3.54,3.9,0.3917
2021-06-16,11,10,4,6,19.37,87.18,-67.81,0.9091,0.2222,21.8,4.84,0.6
2021-06-17,703,502,432,70,1502.17,268.03,1234.14,0.7141,5.6045,0.62,3.48,0.1394
2021-06-18,39,16,11,5,13.35,11.21,2.14,0.4103,1.1912,1.02,1.21,0.3125
2021-06-19,341,147,56,91,520.06,440.17,79.89,0.4311,1.1815,7.86,9.29,0.619
2021-06-20,457,341,263,78,899.86,476.02,423.84,0.7462,1.8904,1.81,3.42,0.2287
2021-06-21,611,457,383,74,1143.4,305.12,838.28,0.748,3.7473,0.8,2.99,0.1619
2021-06-22,335,110,35,75,522.82,425.91,96.91,0.3284,1.2275,12.17,14.94,0.6818
2021-06-23,45,18,17,1,32.56,18.7,13.86,0.4,1.741,1.1,1.92,0.0556
2021-06-24,46,45,35,10,60.9,84.31,-23.41,0.9783,0.7223,2.41,1.74,0.2222
2021-06-25,570,103,24,79,338.83,483.25,-144.42,0.1807,0.7012,20.14,14.12,0.767
2021-06-26,495,200,145,55,562.81,588.28,-25.47,0.404,0.9567,4.06,3.88,0.275
2021-06-27,20,14,4,10,12.52,69.05,-56.52,0.7,0.1814,17.26,3.13,0.7143
2021-06-28,639,394,342,52,1415.39,522.81,892.58,0.6166,2.7073,1.53,4.14,0.132
2021-06-29,443,100,50,50,313.32,271.49,41.82,0.2257,1.154,5.43,6.27,0.5
2021-06-30,684,201,108,93,521.19,296.61,224.58,0.2939,1.7572,2.75,4.83,0.4627
2021-07-01,505,235,155,80,722.72,287.41,435.31,0.4653,2.5146,1.85,4.66,0.3404
2021-07-02,320,227,149,78,488.32,406.0,82.32,0.7094,1.2028,2.72,3.28,0.3436
2021-07-03,416,194,103,91,857.87,228.12,629.76,0.4663,3.7607,2.21,8.33,0.4691
2021-07-04,615,151,79,72,413.3,546.83,-133.53,0.2455,0.7558,6.92,5.23,0.4768
2021-07-05,29,15,13,2,8.14,84.89,-76.76,0.5172,0.0959,6.53,0.63,0.1333
2021-07-06,32,22,21,1,16.91,19.38,-2.47,0.6875,0.8728,0.92,0.81,0.0455
2021-07-07,357,296,213,83,1124.05,546.06,577.99,0.8291,2.0585,2.56,5.28,0.2804
2021-07-08,38,11,8,3,11.45,53.65,-42.2,0.2895,0.2134,6.71,1.43,0.2727
2021-07-09,584,363,278,85,1294.87,329.55,965.32,0.6216,3.9292,1.19,4.66,0.2342
2021-07-10,445,257,161,96,1026.1,320.62,705.48,0.5775,3.2004,1.99,6.37,0.3735
2021-07-11,36,34,30,4,23.34,33.57,-10.23,0.9444,0.6952,1.12,0.78,0.1176
2021-07-12,759,381,330,51,864.45,582.62,281.83,0.502,1.4837,1.77,2.62,0.1339
2021-07-13,19,18,12,6,9.33,48.12,-38.78,0.9474,0.194,4.01,0.78,0.3333
2021-07-14,448,353,253,100,1662.04,590.84,1071.2,0.7879,2.813,2.34,6.57,0.2833
2021-07-15,552,118,22,96,572.59,334.92,237.67,0.2138,1.7096,15.22,26.03,0.8136
2021-07-16,729,114,32,82,375.91,361.55,14.36,0.1564,1.0397,11.3,11.75,0.7193
2021-07-17,431,160,82,78,474.71,536.99,-62.28,0.3712,0.884,6.55,5.79,0.4875
2021-07-18,376,374,310,64,1376.96,302.89,1074.07,0.9947,4.5461,0.98,4.44,0.1711
2021-07-19,522,211,142,69,990.09,473.5,516.6,0.4042,2.091,3.33,6.97,0.327
2021-07-20,309,203,134,69,603.58,479.59,123.99,0.657,1.2585,3.58,4.5,0.3399
2021-07-21,777,268,212,56,830.14,202.58,627.56,0.3449,4.0978,0.96,3.92,0.209
2021-07-22,14,10,3,7,18.32,51.91,-33.59,0.7143,0.3529,17.3,6.11,0.7
2021-07-23,401,295,220,75,1001.26,515.57,485.69,0.7357,1.942,2.34,4.55,0.2542
2021-07-24,337,169,115,54,628.39,349.39,279.0,0.5015,1.7985,3.04,5.46,0.3195
2021-07-25,310,258,176,82,1265.89,391.77,874.12,0.8323,3.2312,2.23,7.19,0.3178
2021-07-26,374,202,144,58,426.71,508.21,-81.5,0.5401,0.8396,3.53,2.96,0.2871
2021-07-27,310,100,41,59,297.57,236.72,60.85,0.3226,1.257,5.77,7.26,0.59
2021-07-28,643,624,537,87,2913.43,355.91,2557.52,0.9705,8.1859,0.66,5.43,0.1394
2021-07-29,627,166,72,94,549.08,206.83,342.25,0.2648,2.6548,2.87,7.63,0.5663
2021-07-30,20,15,12,3,18.14,13.69,4.45,0.75,1.3249,1.14,1.51,0.2
2021-07-31,601,595,535,60,1516.01,399.18,1116.83,0.99,3.7978,0.75,2.83,0.1008
2021-08-01,24,17,10,7,19.41,87.75,-68.34,0.7083,0.2212,8.78,1.94,0.4118
2021-08-02,358,119,56,63,544.1,222.65,321.44,0.3324,2.4437,3.98,9.72,0.5294
2021-08-03,39,38,37,1,37.95,18.87,19.08,0.9744,2.0113,0.51,1.03,0.0263
2021-08-04,340,133,40,93,618.54,500.36,118.18,0.3912,1.2362,12.51,15.46,0.6992
2021-08-05,430,156,71,85,549.12,519.61,29.51,0.3628,1.0568,7.32,7.73,0.5449
2021-08-06,481,147,86,61,671.71,340.11,331.59,0.3056,1.9749,3.95,7.81,0.415
2021-08-07,381,153,69,84,738.01,451.12,286.89,0.4016,1.636,6.54,10.7,0.549
2021-08-08,409,263,199,64,1129.89,566.04,563.84,0.643,1.9961,2.84,5.68,0.2433
2021-08-09,509,314,223,91,1112.59,296.36,816.23,0.6169,3.7542,1.33,4.99,0.2898
2021-08-10,330,126,58,68,425.07,368.33,56.74,0.3818,1.154,6.35,7.33,0.5397
2021-08-11,39,33,29,4,45.13,68.04,-22.91,0.8462,0.6633,2.35,1.56,0.1212
2021-08-12,323,105,14,91,482.18,540.48,-58.3,0.3251,0.8921,38.61,34.44,0.8667
2021-08-13,497,244,168,76,746.9,358.4,388.5,0.4909,2.084,2.13,4.45,0.3115
2021-08-14,767,259,173,86,795.41,549.79,245.62,0.3377,1.4467,3.18,4.6,0.332
2021-08-15,644,602,530,72,1843.5,331.18,1512.32,0.9348,5.5665,0.62,3.48,0.1196
2021-08-16,43,16,8,8,30.04,31.31,-1.27,0.3721,0.9593,3.91,3.75,0.5
2021-08-17,762,116,23,93,261.0,203.33,57.67,0.1522,1.2836,8.84,11.35,0.8017
2021-08-18,35,17,15,2,29.89,21.64,8.25,0.4857,1.3812,1.44,1.99,0.1176
2021-08-19,380,241,166,75,559.01,515.69,43.32,0.6342,1.084,3.11,3.37,0.3112
2021-08-20,653,448,396,52,1595.29,587.81,1007.48,0.6861,2.7139,1.48,4.03,0.1161
2021-08-21,770,661,583,78,2403.76,335.43,2068.33,0.8584,7.1662,0.58,4.12,0.118
2021-08-22,734,612,541,71,2907.11,511.78,2395.33,0.8338,5.6804,0.95,5.37,0.116
2021-08-23,768,367,300,67,1414.25,562.48,851.77,0.4779,2.5143,1.87,4.71,0.1826
2021-08-24,338,201,150,51,918.73,314.81,603.92,0.5947,2.9183,2.1,6.12,0.2537
2021-08-25,392,288,225,63,1407.98,375.86,1032.12,0.7347,3.746,1.67,6.26,0.2188
2021-08-26,554,389,290,99,1236.39,271.97,964.41,0.7022,4.546,0.94,4.26,0.2545
2021-08-27,10,10,7,3,13.55,45.42,-31.88,1.0,0.2983,6.49,1.94,0.3
2021-08-28,446,420,348,72,1219.53,205.88,1013.64,0.9417,5.9234,0.59,3.5,0.1714
2021-08-29,609,206,148,58,720.48,217.82,502.66,0.3383,3.3077,1.47,4.87,0.2816
2021-08-30,29,16,12,4,28.67,42.4,-13.72,0.5517,0.6763,3.53,2.39,0.25
2021-08-31,430,396,310,86,1095.66,403.25,692.42,0.9209,2.7171,1.3,3.53,0.2172
2021-09-01,11,11,11,0,14.69,95.01,-80.31,1.0,0.1547,8.64,1.34,0.0
2021-09-02,764,656,589,67,1618.54,266.18,1352.36,0.8586,6.0805,0.45,2.75,0.1021
2021-09-03,434,225,150,75,556.11,309.28,246.83,0.5184,1.7981,2.06,3.71,0.3333
2021-09-04,362,228,139,89,684.46,583.0,101.46,0.6298,1.174,4.19,4.92,0.3904
2021-09-05,352,136,60,76,636.05,500.95,135.1,0.3864,1.2697,8.35,10.6,0.5588
2021-09-06,16,12,6,6,18.51,18.19,0.31,0.75,1.0172,3.03,3.08,0.5
2021-09-07,446,435,376,59,1266.73,419.53,847.21,0.9753,3.0194,1.12,3.37,0.1356
2021-09-08,750,467,407,60,2197.31,285.63,1911.68,0.6227,7.6929,0.7,5.4,0.1285
2021-09-09,602,111,48,63,480.41,316.69,163.72,0.1844,1.517,6.6,10.01,0.5676
2021-09-10,324,166,67,99,553.62,251.55,302.06,0.5123,2.2008,3.75,8.26,0.5964
2021-09-11,529,125,42,83,409.93,446.72,-36.79,0.2363,0.9176,10.64,9.76,0.664
2021-09-12,350,253,154,99,1083.1,319.01,764.09,0.7229,3.3952,2.07,7.03,0.3913
2021-09-13,685,330,263,67,1051.04,238.03,813.01,0.4818,4.4155,0.91,4.0,0.203
2021-09-14,790,386,326,60,832.55,233.76,598.78,0.4886,3.5615,0.72,2.55,0.1554
2021-09-15,541,213,118,95,835.61,246.33,589.27,0.3937,3.3922,2.09,7.08,0.446
2021-09-16,629,616,552,64,1437.28,501.36,935.92,0.9793,2.8667,0.91,2.6,0.1039
2021-09-17,402,330,233,97,1626.38,513.86,1112.52,0.8209,3.165,2.21,6.98,0.2939
2021-09-18,495,244,161,83,597.83,446.41,151.42,0.4929,1.3392,2.77,3.71,0.3402
2021-09-19,18,11,2,9,17.25,55.75,-38.5,0.6111,0.3094,27.88,8.62,0.8182
2021-09-20,466,449,353,96,1467.88,393.99,1073.89,0.9635,3.7257,1.12,4.16,0.2138
2021-09-21,38,32,32,0,57.07,60.79,-3.72,0.8421,0.9389,1.9,1.78,0.0
2021-09-22,730,614,541,73,2794.77,239.21,2555.56,0.8411,11.6834,0.44,5.17,0.1189
2021-09-23,659,640,589,51,2648.97,325.67,2323.3,0.9712,8.1338,0.55,4.5,0.0797
2021-09-24,20,18,18,0,9.36,40.05,-30.69,0.9,0.2336,2.23,0.52,0.0
2021-09-25,305,255,186,69,693.07,466.71,226.36,0.8361,1.485,2.51,3.73,0.2706
2021-09-26,717,596,542,54,1881.01,254.42,1626.59,0.8312,7.3932,0.47,3.47,0.0906
2021-09-27,17,14,11,3,26.41,37.49,-11.08,0.8235,0.7043,3.41,2.4,0.2143
2021-09-28,451,254,165,89,999.29,239.92,759.37,0.5632,4.1651,1.45,6.06,0.3504
2021-09-29,475,255,180,75,1041.4,423.35,618.05,0.5368,2.4599,2.35,5.79,0.2941
2021-09-30,508,268,212,56,834.95,264.65,570.3,0.5276,3.1549,1.25,3.94,0.209
2021-10-01,386,368,311,57,1175.06,233.52,941.53,0.9534,5.0318,0.75,3.78,0.1549
2021-10-02,409,407,341,66,1885.09,205.66,1679.43,0.9951,9.1662,0.6,5.53,0.1622
2021-10-03,695,164,95,69,570.43,227.92,342.51,0.236,2.5028,2.4,6.0,0.4207
2021-10-04,34,21,16,5,37.44,72.36,-34.91,0.6176,0.5175,4.52,2.34,0.2381
2021-10-05,521,320,254,66,1295.77,311.99,983.78,0.6142,4.1532,1.23,5.1,0.2062
2021-10-06,347,177,101,76,619.97,264.61,355.37,0.5101,2.343,2.62,6.14,0.4294
2021-10-07,501,127,59,68,417.63,459.52,-41.89,0.2535,0.9088,7.79,7.08,0.5354
2021-10-08,31,17,10,7,17.06,67.07,-50.01,0.5484,0.2543,6.71,1.71,0.4118
2021-10-09,353,100,33,67,390.48,262.39,128.09,0.2833,1.4881,7.95,11.83,0.67
2021-10-10,351,308,228,80,1166.64,579.03,587.61,0.8775,2.0148,2.54,5.12,0.2597
2021-10-11,711,582,508,74,2566.51,298.55,2267.96,0.8186,8.5966,0.59,5.05,0.1271
2021-10-12,790,419,368,51,1571.14,452.77,1118.38,0.5304,3.4701,1.23,4.27,0.1217
2021-10-13,435,199,145,54,653.07,389.63,263.45,0.4575,1.6761,2.69,4.5,0.2714
2021-10-14,427,344,288,56,1051.2,577.34,473.86,0.8056,1.8208,2.0,3.65,0.1628
2021-10-15,525,393,335,58,1637.57,339.91,1297.66,0.7486,4.8176,1.01,4.89,0.1476
2021-10-16,412,355,281,74,1211.84,418.11,793.73,0.8617,2.8984,1.49,4.31,0.2085
2021-10-17,14,12,6,6,7.34,39.97,-32.63,0.8571,0.1837,6.66,1.22,0.5
2021-10-18,17,13,11,2,9.34,31.43,-22.09,0.7647,0.2973,2.86,0.85,0.1538
2021-10-19,601,286,188,98,573.96,428.62,145.34,0.4759,1.3391,2.28,3.05,0.3427
2021-10-20,683,156,101,55,626.3,584.83,41.46,0.2284,1.0709,5.79,6.2,0.3526
2021-10-21,513,457,402,55,1379.86,442.68,937.18,0.8908,3.117,1.1,3.43,0.1204
2021-10-22,30,26,16,10,32.71,51.97,-19.25,0.8667,0.6295,3.25,2.04,0.3846
2021-10-23,672,317,260,57,1146.05,390.33,755.72,0.4717,2.9361,1.5,4.41,0.1798
2021-10-24,736,169,75,94,619.96,345.77,274.19,0.2296,1.793,4.61,8.27,0.5562
2021-10-25,48,48,41,7,77.23,40.53,36.71,1.0,1.9057,0.99,1.88,0.1458
2021-10-26,718,460,363,97,1115.53,421.46,694.07,0.6407,2.6468,1.16,3.07,0.2109
2021-10-27,621,495,425,70,1932.33,302.7,1629.63,0.7971,6.3836,0.71,4.55,0.1414
2021-10-28,16,11,2,9,16.0,42.09,-26.09,0.6875,0.3801,21.04,8.0,0.8182
2021-10-29,511,135,49,86,630.12,223.4,406.72,0.2642,2.8206,4.56,12.86,0.637
2021-10-30,48,13,5,8,22.23,42.15,-19.92,0.2708,0.5274,8.43,4.45,0.6154
2021-10-31,32,29,27,2,19.04,47.58,-28.54,0.9062,0.4002,1.76,0.71,0.069
2021-11-01,321,269,200,69,917.64,261.22,656.42,0.838,3.5129,1.31,4.59,0.2565
2021-11-02,648,427,336,91,1630.15,270.88,1359.27,0.659,6.0181,0.81,4.85,0.2131
2021-11-03,512,416,349,67,1430.0,242.58,1187.42,0.8125,5.895,0.7,4.1,0.1611
2021-11-04,747,306,220,86,945.54,489.35,456.19,0.4096,1.9322,2.22,4.3,0.281
2021-11-05,388,253,160,93,679.42,487.6,191.82,0.6521,1.3934,3.05,4.25,0.3676
2021-11-06,792,742,675,67,2639.32,222.53,2416.78,0.9369,11.8604,0.33,3.91,0.0903
2021-11-07,303,132,64,68,507.58,531.69,-24.11,0.4356,0.9546,8.31,7.93,0.5152
2021-11-08,608,205,142,63,725.72,273.12,452.61,0.3372,2.6572,1.92,5.11,0.3073
2021-11-09,442,395,321,74,830.93,370.06,460.86,0.8937,2.2454,1.15,2.59,0.1873
2021-11-10,37,23,21,2,23.57,26.98,-3.41,0.6216,0.8735,1.28,1.12,0.087
2021-11-11,634,220,145,75,561.12,254.42,306.7,0.347,2.2055,1.75,3.87,0.3409
2021-11-12,646,526,469,57,2164.48,246.9,1917.58,0.8142,8.7666,0.53,4.62,0.1084
2021-11-13,403,347,290,57,1548.01,247.34,1300.68,0.861,6.2587,0.85,5.34,0.1643
2021-11-14,471,429,362,67,1627.92,408.92,1219.0,0.9108,3.981,1.13,4.5,0.1562
2021-11-15,443,338,265,73,1279.09,400.07,879.02,0.763,3.1972,1.51,4.83,0.216
2021-11-16,524,147,77,70,540.34,508.72,31.62,0.2805,1.0622,6.61,7.02,0.4762
2021-11-17,500,157,80,77,504.12,406.43,97.69,0.314,1.2404,5.08,6.3,0.4904
2021-11-18,756,404,350,54,1109.6,577.43,532.17,0.5344,1.9216,1.65,3.17,0.1337
2021-11-19,652,321,228,93,1363.81,226.4,1137.41,0.4923,6.024,0.99,5.98,0.2897
2021-11-20,487,289,222,67,776.44,403.21,373.23,0.5934,1.9256,1.82,3.5,0.2318
2021-11-21,42,29,27,2,56.41,33.64,22.77,0.6905,1.6768,1.25,2.09,0.069
2021-11-22,360,300,238,62,633.61,510.05,123.56,0.8333,1.2423,2.14,2.66,0.2067
2021-11-23,392,149,89,60,648.84,475.0,173.84,0.3801,1.366,5.34,7.29,0.4027
2021-11-24,304,123,45,78,294.95,507.17,-212.22,0.4046,0.5816,11.27,6.55,0.6341
2021-11-25,33,16,10,6,31.5,13.68,17.82,0.4848,2.3023,1.37,3.15,0.375
2021-11-26,33,30,27,3,40.89,13.74,27.15,0.9091,2.9764,0.51,1.51,0.1
2021-11-27,16,13,12,1,19.53,20.05,-0.52,0.8125,0.974,1.67,1.63,0.0769
2021-11-28,782,718,653,65,2144.83,521.23,1623.6,0.9182,4.115,0.8,3.28,0.0905
2021-11-29,358,280,198,82,913.19,336.03,577.16,0.7821,2.7176,1.7,4.61,0.2929
2021-11-30,37,18,13,5,30.33,60.84,-30.51,0.4865,0.4986,4.68,2.33,0.2778
2021-12-01,744,353,288,65,1571.37,226.91,1344.46,0.4745,6.925,0.79,5.46,0.1841
2021-12-02,703,180,81,99,734.15,329.99,404.16,0.256,2.2248,4.07,9.06,0.55
2021-12-03,19,12,12,0,19.45,49.05,-29.6,0.6316,0.3966,4.09,1.62,0.0
2021-12-04,769,191,113,78,397.43,558.33,-160.9,0.2484,0.7118,4.94,3.52,0.4084
2021-12-05,508,251,174,77,879.63,492.61,387.02,0.4941,1.7857,2.83,5.06,0.3068
2021-12-06,376,148,85,63,637.89,259.77,378.11,0.3936,2.4555,3.06,7.5,0.4257
2021-12-07,482,165,89,76,410.53,350.71,59.82,0.3423,1.1706,3.94,4.61,0.4606
2021-12-08,535,379,288,91,1850.93,295.1,1555.83,0.7084,6.2722,1.02,6.43,0.2401
2021-12-09,16,12,9,3,21.99,69.57,-47.58,0.75,0.3161,7.73,2.44,0.25
2021-12-10,25,23,19,4,29.73,94.17,-64.45,0.92,0.3157,4.96,1.56,0.1739
2021-12-11,587,217,134,83,954.59,485.62,468.97,0.3697,1.9657,3.62,7.12,0.3825
2021-12-12,728,405,327,78,1903.69,265.85,1637.84,0.5563,7.1607,0.81,5.82,0.1926
2021-12-13,35,11,5,6,21.7,13.72,7.98,0.3143,1.5816,2.74,4.34,0.5455
2021-12-14,29,22,18,4,41.45,28.47,12.98,0.7586,1.4557,1.58,2.3,0.1818
2021-12-15,787,466,404,62,1742.6,269.1,1473.5,0.5921,6.4756,0.67,4.31,0.133
2021-12-16,755,346,293,53,1238.94,414.61,824.33,0.4583,2.9882,1.42,4.23,0.1532
2021-12-17,721,149,54,95,694.66,239.53,455.14,0.2067,2.9002,4.44,12.86,0.6376
2021-12-18,23,23,15,8,26.41,20.42,5.99,1.0,1.2935,1.36,1.76,0.3478
2021-12-19,558,342,281,61,1033.98,592.27,441.71,0.6129,1.7458,2.11,3.68,0.1784
2021-12-20,337,230,158,72,609.33,263.92,345.41,0.6825,2.3088,1.67,3.86,0.313
2021-12-21,687,494,416,78,1229.34,562.91,666.43,0.7191,2.1839,1.35,2.96,0.1579
2021-12-22,670,585,490,95,1791.7,315.69,1476.01,0.8731,5.6755,0.64,3.66,0.1624
2021-12-23,540,504,441,63,1941.25,504.3,1436.95,0.9333,3.8494,1.14,4.4,0.125
2021-12-24,732,489,429,60,1232.01,457.77,774.23,0.668,2.6913,1.07,2.87,0.1227
2021-12-25,374,196,104,92,866.43,335.25,531.18,0.5241,2.5844,3.22,8.33,0.4694
2021-12-26,531,387,304,83,1897.12,492.48,1404.64,0.7288,3.8522,1.62,6.24,0.2145
2021-12-27,437,153,84,69,536.62,440.38,96.24,0.3501,1.2185,5.24,6.39,0.451
2021-12-28,18,12,3,9,15.79,74.09,-58.3,0.6667,0.2131,24.7,5.26,0.75
2021-12-29,688,522,424,98,1809.67,299.73,1509.94,0.7587,6.0376,0.71,4.27,0.1877
2021-12-30,410,355,270,85,1762.24,330.73,1431.5,0.8659,5.3283,1.22,6.53,0.2394
2021-12-31,12,12,9,3,14.39,32.99,-18.6,1.0,0.4361,3.67,1.6,0.25
2022-01-01,412,264,188,76,1059.42,496.75,562.68,0.6408,2.1327,2.64,5.64,0.2879
2022-01-02,771,490,408,82,1724.25,469.76,1254.49,0.6355,3.6705,1.15,4.23,0.1673
2022-01-03,30,19,13,6,28.81,33.7,-4.89,0.6333,0.8548,2.59,2.22,0.3158
2022-01-04,15,14,7,7,14.24,40.39,-26.15,0.9333,0.3525,5.77,2.03,0.5
2022-01-05,556,412,336,76,1650.39,453.15,1197.25,0.741,3.6421,1.35,4.91,0.1845
2022-01-06,354,193,104,89,433.01,441.04,-8.03,0.5452,0.9818,4.24,4.16,0.4611
2022-01-07,558,384,288,96,1680.65,519.58,1161.08,0.6882,3.2347,1.8,5.84,0.25
2022-01-08,583,134,36,98,533.87,474.59,59.27,0.2298,1.1249,13.18,14.83,0.7313
2022-01-09,678,118,64,54,246.7,329.22,-82.51,0.174,0.7494,5.14,3.85,0.4576
2022-01-10,433,355,267,88,1174.84,274.15,900.69,0.8199,4.2855,1.03,4.4,0.2479
2022-01-11,446,160,81,79,439.78,562.46,-122.68,0.3587,0.7819,6.94,5.43,0.4938
2022-01-12,20,13,12,1,11.84,94.09,-82.25,0.65,0.1258,7.84,0.99,0.0769
2022-01-13,598,486,423,63,1942.05,565.66,1376.38,0.8127,3.4332,1.34,4.59,0.1296
2022-01-14,797,676,600,76,1861.72,479.29,1382.43,0.8482,3.8843,0.8,3.1,0.1124
2022-01-15,459,356,279,77,844.48,389.61,454.87,0.7756,2.1675,1.4,3.03,0.2163
2022-01-16,638,573,513,60,1505.37,478.94,1026.44,0.8981,3.1431,0.93,2.93,0.1047
2022-01-17,647,446,354,92,1232.24,286.16,946.09,0.6893,4.3062,0.81,3.48,0.2063
2022-01-18,658,512,462,50,2257.05,347.22,1909.83,0.7781,6.5004,0.75,4.89,0.0977
2022-01-19,13,12,3,9,17.64,50.06,-32.42,0.9231,0.3524,16.69,5.88,0.75
2022-01-20,395,239,148,91,553.36,302.39,250.97,0.6051,1.8299,2.04,3.74,0.3808
2022-01-21,563,452,364,88,1308.31,274.26,1034.05,0.8028,4.7703,0.75,3.59,0.1947
2022-01-22,493,456,402,54,994.64,546.65,447.99,0.9249,1.8195,1.36,2.47,0.1184
2022-01-23,647,396,303,93,1279.53,254.06,1025.47,0.6121,5.0363,0.84,4.22,0.2348
2022-01-24,423,389,326,63,1366.23,430.47,935.76,0.9196,3.1738,1.32,4.19,0.162
2022-01-25,49,11,5,6,13.76,83.51,-69.76,0.2245,0.1647,16.7,2.75,0.5455
2022-01-26,47,21,15,6,15.81,50.38,-34.57,0.4468,0.3138,3.36,1.05,0.2857
2022-01-27,750,175,113,62,868.64,523.31,345.34,0.2333,1.6599,4.63,7.69,0.3543
2022-01-28,659,311,248,63,1223.25,420.86,802.39,0.4719,2.9065,1.7,4.93,0.2026
2022-01-29,380,337,259,78,1528.8,421.16,1107.64,0.8868,3.63,1.63,5.9,0.2315
2022-01-30,358,326,266,60,1157.86,202.89,954.98,0.9106,5.707,0.76,4.35,0.184
2022-01-31,42,19,16,3,28.41,15.34,13.07,0.4524,1.8516,0.96,1.78,0.1579
2022-02-01,521,516,460,56,1158.03,412.58,745.45,0.9904,2.8068,0.9,2.52,0.1085
2022-02-02,588,276,204,72,1258.73,578.49,680.24,0.4694,2.1759,2.84,6.17,0.2609
2022-02-03,21,18,12,6,31.98,30.21,1.77,0.8571,1.0586,2.52,2.67,0.3333
2022-02-04,475,271,192,79,1098.3,271.19,827.11,0.5705,4.0499,1.41,5.72,0.2915
2022-02-05,432,336,258,78,840.14,384.41,455.74,0.7778,2.1856,1.49,3.26,0.2321
2022-02-06,392,392,342,50,1800.62,473.39,1327.23,1.0,3.8037,1.38,5.26,0.1276
2022-02-07,708,325,230,95,1583.17,252.03,1331.14,0.459,6.2816,1.1,6.88,0.2923
2022-02-08,27,25,17,8,45.96,19.73,26.23,0.9259,2.3295,1.16,2.7,0.32
2022-02-09,688,501,408,93,1350.99,355.52,995.47,0.7282,3.8,0.87,3.31,0.1856
2022-02-10,329,317,238,79,761.74,552.2,209.54,0.9635,1.3795,2.32,3.2,0.2492
2022-02-11,371,115,53,62,342.56,413.29,-70.74,0.31,0.8288,7.8,6.46,0.5391
2022-02-12,39,23,14,9,13.74,82.14,-68.4,0.5897,0.1673,5.87,0.98,0.3913
2022-02-13,570,235,173,62,798.89,248.85,550.03,0.4123,3.2103,1.44,4.62,0.2638
2022-02-14,17,15,15,0,22.21,73.88,-51.67,0.8824,0.3006,4.93,1.48,0.0
2022-02-15,495,385,294,91,1788.39,553.9,1234.49,0.7778,3.2287,1.88,6.08,0.2364
2022-02-16,505,313,237,76,1477.47,441.91,1035.56,0.6198,3.3434,1.86,6.23,0.2428
2022-02-17,365,260,190,70,794.75,500.43,294.32,0.7123,1.5881,2.63,4.18,0.2692
2022-02-18,649,575,513,62,1698.79,434.71,1264.08,0.886,3.9079,0.85,3.31,0.1078
2022-02-19,376,314,225,89,1165.39,346.36,819.03,0.8351,3.3647,1.54,5.18,0.2834
2022-02-20,773,159,98,61,608.87,520.48,88.39,0.2057,1.1698,5.31,6.21,0.3836
2022-02-21,518,394,300,94,1911.21,405.12,1506.09,0.7606,4.7176,1.35,6.37,0.2386
2022-02-22,439,408,308,100,933.68,532.25,401.43,0.9294,1.7542,1.73,3.03,0.2451
2022-02-23,321,106,56,50,388.13,309.54,78.59,0.3302,1.2539,5.53,6.93,0.4717
2022-02-24,474,316,217,99,972.06,541.04,431.02,0.6667,1.7966,2.49,4.48,0.3133
2022-02-25,724,159,92,67,563.38,267.25,296.14,0.2196,2.1081,2.9,6.12,0.4214
2022-02-26,343,182,125,57,835.07,485.05,350.02,0.5306,1.7216,3.88,6.68,0.3132
2022-02-27,770,600,500,100,2886.97,312.75,2574.22,0.7792,9.2309,0.63,5.77,0.1667
2022-02-28,675,321,261,60,839.9,383.67,456.23,0.4756,2.1891,1.47,3.22,0.1869
2022-03-01,524,380,300,80,1437.55,288.53,1149.01,0.7252,4.9823,0.96,4.79,0.2105
2022-03-02,366,277,190,87,1102.38,546.09,556.29,0.7568,2.0187,2.87,5.8,0.3141
2022-03-03,595,519,461,58,1490.04,351.56,1138.48,0.8723,4.2384,0.76,3.23,0.1118
2022-03-04,440,280,224,56,658.32,290.51,367.81,0.6364,2.2661,1.3,2.94,0.2
2022-03-05,592,254,204,50,1260.48,428.15,832.33,0.4291,2.944,2.1,6.18,0.1969
2022-03-06,13,13,7,6,15.24,45.04,-29.8,1.0,0.3384,6.43,2.18,0.4615
2022-03-07,732,204,152,52,962.58,420.14,542.44,0.2787,2.2911,2.76,6.33,0.2549
2022-03-08,425,170,83,87,802.01,352.89,449.12,0.4,2.2727,4.25,9.66,0.5118
2022-03-09,10,10,5,5,18.06,70.89,-52.84,1.0,0.2547,14.18,3.61,0.5
2022-03-10,448,398,326,72,839.98,463.2,376.78,0.8884,1.8134,1.42,2.58,0.1809
2022-03-11,22,19,10,9,30.17,61.09,-30.92,0.8636,0.4938,6.11,3.02,0.4737
2022-03-12,735,255,180,75,1081.86,554.58,527.28,0.3469,1.9508,3.08,6.01,0.2941
2022-03-13,374,137,50,87,590.39,333.34,257.05,0.3663,1.7711,6.67,11.81,0.635
2022-03-14,600,303,251,52,1343.9,476.39,867.51,0.505,2.821,1.9,5.35,0.1716
2022-03-15,689,574,515,59,2154.55,491.04,1663.51,0.8331,4.3877,0.95,4.18,0.1028
2022-03-16,361,198,114,84,683.83,387.54,296.3,0.5485,1.7646,3.4,6.0,0.4242
2022-03-17,646,117,38,79,509.28,238.16,271.12,0.1811,2.1384,6.27,13.4,0.6752
2022-03-18,25,22,18,4,26.85,99.88,-73.03,0.88,0.2688,5.55,1.49,0.1818
2022-03-19,578,521,449,72,1786.91,408.52,1378.4,0.9014,4.3741,0.91,3.98,0.1382
2022-03-20,729,628,555,73,2015.78,431.87,1583.92,0.8615,4.6676,0.78,3.63,0.1162
2022-03-21,769,674,577,97,1618.25,306.27,1311.99,0.8765,5.2838,0.53,2.8,0.1439
2022-03-22,26,18,18,0,28.4,81.54,-53.14,0.6923,0.3483,4.53,1.58,0.0
2022-03-23,636,526,434,92,2569.78,281.91,2287.86,0.827,9.1154,0.65,5.92,0.1749
2022-03-24,600,329,239,90,671.64,417.52,254.12,0.5483,1.6086,1.75,2.81,0.2736
2022-03-25,703,214,120,94,758.84,431.75,327.09,0.3044,1.7576,3.6,6.32,0.4393
2022-03-26,423,102,8,94,310.28,265.91,44.38,0.2411,1.1669,33.24,38.79,0.9216
2022-03-27,400,292,209,83,703.31,362.48,340.83,0.73,1.9403,1.73,3.37,0.2842
2022-03-28,13,11,3,8,10.58,90.75,-80.17,0.8462,0.1166,30.25,3.53,0.7273
2022-03-29,438,327,245,82,1136.09,203.5,932.58,0.7466,5.5826,0.83,4.64,0.2508
2022-03-30,407,273,192,81,839.49,456.14,383.36,0.6708,1.8404,2.38,4.37,0.2967
2022-03-31,30,25,22,3,23.26,19.01,4.25,0.8333,1.2237,0.86,1.06,0.12
2022-04-01,49,47,47,0,77.43,41.6,35.82,0.9592,1.861,0.89,1.65,0.0
2022-04-02,453,284,209,75,904.48,503.0,401.49,0.6269,1.7982,2.41,4.33,0.2641
2022-04-03,786,740,682,58,2795.2,402.5,2392.7,0.9415,6.9446,0.59,4.1,0.0784
2022-04-04,704,590,497,93,1231.68,561.83,669.85,0.8381,2.1923,1.13,2.48,0.1576
2022-04-05,732,237,158,79,870.41,504.05,366.37,0.3238,1.7268,3.19,5.51,0.3333
2022-04-06,382,257,182,75,1140.82,546.19,594.63,0.6728,2.0887,3.0,6.27,0.2918
2022-04-07,303,197,122,75,529.74,336.58,193.15,0.6502,1.5739,2.76,4.34,0.3807
2022-04-08,628,131,58,73,262.88,388.26,-125.39,0.2086,0.6771,6.69,4.53,0.5573
2022-04-09,362,113,43,70,276.48,423.04,-146.56,0.3122,0.6536,9.84,6.43,0.6195
2022-04-10,591,221,162,59,458.49,263.79,194.7,0.3739,1.7381,1.63,2.83,0.267
2022-04-11,719,417,345,72,1416.09,474.55,941.55,0.58,2.9841,1.38,4.1,0.1727
2022-04-12,485,253,158,95,1091.16,414.89,676.27,0.5216,2.63,2.63,6.91,0.3755
2022-04-13,33,10,1,9,15.41,49.73,-34.32,0.303,0.3099,49.73,15.41,0.9
2022-04-14,359,200,122,78,842.69,235.34,607.34,0.5571,3.5807,1.93,6.91,0.39
2022-04-15,707,703,609,94,2007.89,510.36,1497.53,0.9943,3.9343,0.84,3.3,0.1337
2022-04-16,465,423,325,98,1707.1,262.2,1444.9,0.9097,6.5108,0.81,5.25,0.2317
2022-04-17,601,162,84,78,345.92,523.3,-177.38,0.2696,0.661,6.23,4.12,0.4815
2022-04-18,363,221,123,98,483.98,366.87,117.11,0.6088,1.3192,2.98,3.93,0.4434
2022-04-19,713,166,109,57,581.47,505.68,75.8,0.2328,1.1499,4.64,5.33,0.3434
2022-04-20,757,324,241,83,840.72,444.82,395.9,0.428,1.89,1.85,3.49,0.2562
2022-04-21,667,321,264,57,1488.19,322.62,1165.57,0.4813,4.6128,1.22,5.64,0.1776
2022-04-22,310,196,112,84,921.16,529.41,391.75,0.6323,1.74,4.73,8.22,0.4286
2022-04-23,661,216,147,69,965.62,200.86,764.76,0.3268,4.8074,1.37,6.57,0.3194
2022-04-24,373,352,294,58,953.45,547.62,405.84,0.9437,1.7411,1.86,3.24,0.1648
2022-04-25,526,268,206,62,536.52,287.0,249.52,0.5095,1.8694,1.39,2.6,0.2313
2022-04-26,494,383,313,70,1228.57,264.08,964.49,0.7753,4.6523,0.84,3.93,0.1828
2022-04-27,34,24,23,1,12.54,56.28,-43.75,0.7059,0.2227,2.45,0.55,0.0417
2022-04-28,755,460,394,66,1163.92,360.2,803.72,0.6093,3.2313,0.91,2.95,0.1435
2022-04-29,540,501,442,59,1552.62,304.16,1248.46,0.9278,5.1046,0.69,3.51,0.1178
2022-04-30,479,183,106,77,386.83,338.1,48.73,0.382,1.1441,3.19,3.65,0.4208
2022-05-01,582,323,248,75,1281.39,288.77,992.61,0.555,4.4373,1.16,5.17,0.2322
2022-05-02,450,257,182,75,580.88,598.22,-17.34,0.5711,0.971,3.29,3.19,0.2918
2022-05-03,17,11,10,1,12.44,36.75,-24.31,0.6471,0.3385,3.67,1.24,0.0909
2022-05-04,383,297,232,65,615.47,486.56,128.91,0.7755,1.2649,2.1,2.65,0.2189
2022-05-05,434,428,364,64,1811.4,484.84,1326.56,0.9862,3.7361,1.33,4.98,0.1495
2022-05-06,490,388,317,71,1795.46,234.9,1560.56,0.7918,7.6435,0.74,5.66,0.183
2022-05-07,23,21,15,6,41.16,46.61,-5.46,0.913,0.883,3.11,2.74,0.2857
2022-05-08,795,786,708,78,1729.05,592.92,1136.14,0.9887,2.9162,0.84,2.44,0.0992
2022-05-09,452,394,335,59,1481.48,431.67,1049.81,0.8717,3.432,1.29,4.42,0.1497
2022-05-10,754,561,509,52,1679.45,462.28,1217.17,0.744,3.633,0.91,3.3,0.0927
2022-05-11,671,330,251,79,1034.49,474.59,559.9,0.4918,2.1798,1.89,4.12,0.2394
2022-05-12,709,629,560,69,2046.19,283.68,1762.52,0.8872,7.2132,0.51,3.65,0.1097
2022-05-13,597,322,271,51,1028.56,479.77,548.8,0.5394,2.1439,1.77,3.8,0.1584
2022-05-14,794,600,511,89,1763.62,295.42,1468.21,0.7557,5.97,0.58,3.45,0.1483
2022-05-15,571,250,195,55,852.46,220.62,631.84,0.4378,3.8639,1.13,4.37,0.22
2022-05-16,620,530,442,88,2621.76,370.94,2250.82,0.8548,7.0678,0.84,5.93,0.166
2022-05-17,340,229,156,73,1120.96,443.66,677.3,0.6735,2.5266,2.84,7.19,0.3188
2022-05-18,481,444,345,99,1815.9,464.37,1351.53,0.9231,3.9104,1.35,5.26,0.223
2022-05-19,789,408,319,89,1329.44,474.18,855.26,0.5171,2.8036,1.49,4.17,0.2181
2022-05-20,743,259,203,56,994.0,467.69,526.31,0.3486,2.1253,2.3,4.9,0.2162
2022-05-21,493,343,256,87,1704.31,592.3,1112.01,0.6957,2.8774,2.31,6.66,0.2536
2022-05-22,337,237,158,79,1017.05,372.2,644.84,0.7033,2.7325,2.36,6.44,0.3333
2022-05-23,322,249,155,94,800.11,523.74,276.37,0.7733,1.5277,3.38,5.16,0.3775
2022-05-24,626,193,99,94,475.19,550.78,-75.59,0.3083,0.8628,5.56,4.8,0.487
2022-05-25,648,253,169,84,1015.43,454.2,561.23,0.3904,2.2356,2.69,6.01,0.332
2022-05-26,409,172,82,90,406.86,201.96,204.9,0.4205,2.0145,2.46,4.96,0.5233
2022-05-27,701,643,588,55,1789.02,384.17,1404.85,0.9173,4.6568,0.65,3.04,0.0855
2022-05-28,323,124,73,51,484.46,555.68,-71.21,0.3839,0.8718,7.61,6.64,0.4113
2022-05-29,31,27,19,8,48.97,54.14,-5.17,0.871,0.9045,2.85,2.58,0.2963
2022-05-30,576,182,88,94,738.56,256.63,481.93,0.316,2.8779,2.92,8.39,0.5165
2022-05-31,28,19,11,8,35.65,10.15,25.49,0.6786,3.511,0.92,3.24,0.4211
2022-06-01,792,232,159,73,863.08,549.3,313.77,0.2929,1.5712,3.45,5.43,0.3147
2022-06-02,27,12,6,6,20.42,28.07,-7.65,0.4444,0.7274,4.68,3.4,0.5
2022-06-03,698,562,471,91,2152.9,230.3,1922.6,0.8052,9.3483,0.49,4.57,0.1619
2022-06-04,578,159,97,62,687.92,350.93,336.99,0.2751,1.9603,3.62,7.09,0.3899
2022-06-05,395,200,104,96,636.9,540.36,96.53,0.5063,1.1786,5.2,6.12,0.48
2022-06-06,46,21,19,2,20.21,82.26,-62.05,0.4565,0.2457,4.33,1.06,0.0952
2022-06-07,538,319,225,94,982.45,274.62,707.83,0.5929,3.5775,1.22,4.37,0.2947
2022-06-08,574,450,380,70,2128.99,550.29,1578.7,0.784,3.8688,1.45,5.6,0.1556
2022-06-09,18,12,11,1,9.01,18.75,-9.74,0.6667,0.4803,1.7,0.82,0.0833
2022-06-10,422,203,114,89,483.54,432.34,51.19,0.481,1.1184,3.79,4.24,0.4384
2022-06-11,537,243,164,79,571.99,587.4,-15.41,0.4525,0.9738,3.58,3.49,0.3251
2022-06-12,788,153,98,55,440.4,318.54,121.86,0.1942,1.3826,3.25,4.49,0.3595
2022-06-13,445,319,233,86,1431.7,318.89,1112.81,0.7169,4.4896,1.37,6.14,0.2696
2022-06-14,538,238,161,77,1167.06,482.32,684.74,0.4424,2.4197,3.0,7.25,0.3235
2022-06-15,583,119,62,57,312.16,425.13,-112.98,0.2041,0.7343,6.86,5.03,0.479
2022-06-16,557,378,298,80,1495.47,296.64,1198.83,0.6786,5.0414,1.0,5.02,0.2116
2022-06-17,18,12,3,9,13.84,31.8,-17.96,0.6667,0.4351,10.6,4.61,0.75
2022-06-18,334,266,173,93,1309.0,375.34,933.66,0.7964,3.4875,2.17,7.57,0.3496
2022-06-19,523,171,106,65,432.41,511.71,-79.31,0.327,0.845,4.83,4.08,0.3801
2022-06-20,700,411,348,63,1428.44,279.49,1148.95,0.5871,5.1109,0.8,4.1,0.1533
2022-06-21,393,199,127,72,636.58,211.59,424.99,0.5064,3.0085,1.67,5.01,0.3618
2022-06-22,438,365,287,78,1767.69,527.18,1240.5,0.8333,3.3531,1.84,6.16,0.2137
2022-06-23,332,160,100,60,778.12,317.26,460.86,0.4819,2.4526,3.17,7.78,0.375
2022-06-24,332,328,278,50,1201.65,267.42,934.23,0.988,4.4935,0.96,4.32,0.1524
2022-06-25,11,11,3,8,14.66,15.63,-0.96,1.0,0.9384,5.21,4.89,0.7273
2022-06-26,557,421,346,75,1049.21,456.39,592.82,0.7558,2.2989,1.32,3.03,0.1781
2022-06-27,680,103,48,55,326.67,298.71,27.96,0.1515,1.0936,6.22,6.81,0.534
2022-06-28,354,231,172,59,874.91,512.42,362.49,0.6525,1.7074,2.98,5.09,0.2554
2022-06-29,478,214,125,89,541.76,535.67,6.1,0.4477,1.0114,4.29,4.33,0.4159
2022-06-30,764,395,326,69,1836.35,466.08,1370.28,0.517,3.94,1.43,5.63,0.1747
2022-07-01,455,434,371,63,1732.1,358.16,1373.94,0.9538,4.8362,0.97,4.67,0.1452
2022-07-02,611,239,158,81,996.04,360.52,635.52,0.3912,2.7628,2.28,6.3,0.3389
2022-07-03,11,11,9,2,5.77,17.49,-11.72,1.0,0.3296,1.94,0.64,0.1818
2022-07-04,30,21,18,3,24.01,25.27,-1.25,0.7,0.9505,1.4,1.33,0.1429
2022-07-05,466,123,51,72,383.64,390.25,-6.61,0.2639,0.9831,7.65,7.52,0.5854
2022-07-06,759,641,557,84,2990.05,266.39,2723.66,0.8445,11.2244,0.48,5.37,0.131
2022-07-07,451,402,312,90,1185.33,546.04,639.28,0.8914,2.1708,1.75,3.8,0.2239
2022-07-08,43,32,24,8,44.14,71.36,-27.22,0.7442,0.6186,2.97,1.84,0.25
2022-07-09,720,165,104,61,543.6,461.87,81.73,0.2292,1.177,4.44,5.23,0.3697
2022-07-10,725,194,107,87,669.06,471.37,197.69,0.2676,1.4194,4.41,6.25,0.4485
2022-07-11,736,599,526,73,2314.52,214.62,2099.9,0.8139,10.7844,0.41,4.4,0.1219
2022-07-12,796,412,327,85,1874.3,252.6,1621.69,0.5176,7.4199,0.77,5.73,0.2063
2022-07-13,36,21,13,8,25.98,10.24,15.74,0.5833,2.537,0.79,2.0,0.381
2022-07-14,473,469,414,55,1155.44,475.51,679.93,0.9915,2.4299,1.15,2.79,0.1173
2022-07-15,653,139,39,100,337.56,446.78,-109.23,0.2129,0.7555,11.46,8.66,0.7194
2022-07-16,787,369,278,91,1622.53,517.33,1105.2,0.4689,3.1364,1.86,5.84,0.2466
2022-07-17,719,187,88,99,892.31,597.45,294.86,0.2601,1.4935,6.79,10.14,0.5294
2022-07-18,687,423,355,68,2066.76,465.66,1601.1,0.6157,4.4384,1.31,5.82,0.1608
2022-07-19,480,184,128,56,788.31,416.98,371.33,0.3833,1.8905,3.26,6.16,0.3043
2022-07-20,595,522,444,78,1354.65,253.81,1100.85,0.8773,5.3374,0.57,3.05,0.1494
2022-07-21,686,238,171,67,661.69,203.24,458.45,0.3469,3.2557,1.19,3.87,0.2815
2022-07-22,358,350,262,88,839.06,509.45,329.61,0.9777,1.647,1.94,3.2,0.2514
2022-07-23,588,269,187,82,854.08,254.47,599.61,0.4575,3.3563,1.36,4.57,0.3048
2022-07-24,716,318,219,99,923.55,330.33,593.22,0.4441,2.7958,1.51,4.22,0.3113
2022-07-25,699,313,223,90,1114.74,526.42,588.33,0.4478,2.1176,2.36,5.0,0.2875
2022-07-26,342,261,176,85,843.4,376.04,467.36,0.7632,2.2429,2.14,4.79,0.3257
2022-07-27,461,199,108,91,965.01,203.64,761.37,0.4317,4.7388,1.89,8.94,0.4573
2022-07-28,29,25,15,10,26.21,31.3,-5.1,0.8621,0.8372,2.09,1.75,0.4
2022-07-29,50,12,10,2,21.04,98.11,-77.07,0.24,0.2145,9.81,2.1,0.1667
2022-07-30,358,242,168,74,1019.79,275.18,744.61,0.676,3.706,1.64,6.07,0.3058
2022-07-31,21,10,1,9,9.29,95.86,-86.56,0.4762,0.0969,95.86,9.29,0.9
2022-08-01,493,134,42,92,295.3,234.14,61.16,0.2718,1.2612,5.57,7.03,0.6866
2022-08-02,322,142,72,70,523.44,219.2,304.25,0.441,2.388,3.04,7.27,0.493
2022-08-03,42,41,32,9,24.3,98.78,-74.48,0.9762,0.246,3.09,0.76,0.2195
2022-08-04,641,450,355,95,1003.65,493.06,510.59,0.702,2.0356,1.39,2.83,0.2111
2022-08-05,709,422,348,74,999.38,490.13,509.25,0.5952,2.039,1.41,2.87,0.1754
2022-08-06,390,269,188,81,756.88,383.54,373.34,0.6897,1.9734,2.04,4.03,0.3011
2022-08-07,27,14,12,2,26.61,51.74,-25.13,0.5185,0.5142,4.31,2.22,0.1429
2022-08-08,462,402,338,64,1444.45,525.93,918.52,0.8701,2.7465,1.56,4.27,0.1592
2022-08-09,33,28,22,6,33.44,81.27,-47.84,0.8485,0.4114,3.69,1.52,0.2143
2022-08-10,380,200,117,83,994.86,462.47,532.39,0.5263,2.1512,3.95,8.5,0.415
2022-08-11,640,619,546,73,2679.38,292.16,2387.22,0.9672,9.171,0.54,4.91,0.1179
2022-08-12,318,298,221,77,1383.16,226.16,1157.0,0.9371,6.1158,1.02,6.26,0.2584
2022-08-13,515,448,351,97,989.53,208.67,780.86,0.8699,4.742,0.59,2.82,0.2165
2022-08-14,718,179,105,74,729.84,469.81,260.03,0.2493,1.5535,4.47,6.95,0.4134
2022-08-15,738,699,613,86,1652.64,518.57,1134.07,0.9472,3.1869,0.85,2.7,0.123
2022-08-16,570,498,407,91,1897.66,375.16,1522.5,0.8737,5.0583,0.92,4.66,0.1827
2022-08-17,328,311,219,92,975.88,266.63,709.25,0.9482,3.6601,1.22,4.46,0.2958
2022-08-18,418,345,261,84,1075.46,390.11,685.35,0.8254,2.7568,1.49,4.12,0.2435
2022-08-19,11,10,10,0,6.67,50.47,-43.8,0.9091,0.1321,5.05,0.67,0.0
2022-08-20,530,117,49,68,384.63,431.22,-46.6,0.2208,0.8919,8.8,7.85,0.5812
2022-08-21,13,13,10,3,24.17,60.14,-35.98,1.0,0.4018,6.01,2.42,0.2308
2022-08-22,466,282,230,52,822.83,385.62,437.21,0.6052,2.1338,1.68,3.58,0.1844
2022-08-23,373,134,44,90,598.26,544.46,53.8,0.3592,1.0988,12.37,13.6,0.6716
2022-08-24,705,651,578,73,2287.28,414.94,1872.34,0.9234,5.5124,0.72,3.96,0.1121
2022-08-25,39,32,27,5,21.8,94.29,-72.49,0.8205,0.2312,3.49,0.81,0.1562
2022-08-26,480,303,205,98,670.0,545.66,124.34,0.6312,1.2279,2.66,3.27,0.3234
2022-08-27,26,20,12,8,23.45,30.27,-6.83,0.7692,0.7745,2.52,1.95,0.4
2022-08-28,452,448,387,61,1148.66,353.8,794.85,0.9912,3.2466,0.91,2.97,0.1362
2022-08-29,415,102,15,87,503.89,289.66,214.23,0.2458,1.7396,19.31,33.59,0.8529
2022-08-30,410,267,197,70,597.4,239.18,358.22,0.6512,2.4977,1.21,3.03,0.2622
2022-08-31,591,512,419,93,2357.6,319.72,2037.88,0.8663,7.374,0.76,5.63,0.1816
2022-09-01,566,444,368,76,2160.47,421.82,1738.65,0.7845,5.1217,1.15,5.87,0.1712
2022-09-02,340,216,165,51,485.86,313.82,172.03,0.6353,1.5482,1.9,2.94,0.2361
2022-09-03,643,163,77,86,634.17,210.25,423.92,0.2535,3.0162,2.73,8.24,0.5276
2022-09-04,738,104,27,77,381.76,476.41,-94.65,0.1409,0.8013,17.64,14.14,0.7404
2022-09-05,39,33,29,4,57.78,59.23,-1.46,0.8462,0.9754,2.04,1.99,0.1212
2022-09-06,16,12,9,3,13.2,29.95,-16.75,0.75,0.4408,3.33,1.47,0.25
2022-09-07,340,182,101,81,421.53,453.23,-31.7,0.5353,0.93,4.49,4.17,0.4451
2022-09-08,663,366,268,98,1740.11,290.37,1449.74,0.552,5.9928,1.08,6.49,0.2678
2022-09-09,39,13,10,3,22.07,82.43,-60.37,0.3333,0.2677,8.24,2.21,0.2308
2022-09-10,620,321,238,83,1532.25,473.23,1059.02,0.5177,3.2378,1.99,6.44,0.2586
2022-09-11,402,191,126,65,563.94,367.09,196.85,0.4751,1.5362,2.91,4.48,0.3403
2022-09-12,46,15,14,1,10.3,23.14,-12.85,0.3261,0.4449,1.65,0.74,0.0667
2022-09-13,29,22,16,6,18.26,37.35,-19.09,0.7586,0.489,2.33,1.14,0.2727
2022-09-14,43,41,39,2,63.33,79.44,-16.11,0.9535,0.7972,2.04,1.62,0.0488
2022-09-15,29,27,23,4,31.85,96.25,-64.4,0.931,0.3309,4.18,1.38,0.1481
2022-09-16,45,17,17,0,16.9,79.98,-63.08,0.3778,0.2113,4.7,0.99,0.0
2022-09-17,426,211,124,87,993.56,467.6,525.96,0.4953,2.1248,3.77,8.01,0.4123
2022-09-18,673,450,369,81,1320.03,311.71,1008.31,0.6686,4.2347,0.84,3.58,0.18
2022-09-19,680,129,45,84,545.58,326.76,218.82,0.1897,1.6697,7.26,12.12,0.6512
2022-09-20,336,277,208,69,1275.83,474.75,801.08,0.8244,2.6874,2.28,6.13,0.2491
2022-09-21,49,18,16,2,33.92,80.99,-47.07,0.3673,0.4189,5.06,2.12,0.1111
2022-09-22,602,561,482,79,2143.1,384.69,1758.42,0.9319,5.571,0.8,4.45,0.1408
2022-09-23,383,123,66,57,409.46,546.02,-136.57,0.3211,0.7499,8.27,6.2,0.4634
2022-09-24,337,309,217,92,619.26,382.89,236.37,0.9169,1.6173,1.76,2.85,0.2977
2022-09-25,533,518,442,76,2097.22,237.05,1860.17,0.9719,8.8473,0.54,4.74,0.1467
2022-09-26,374,176,114,62,635.85,573.0,62.85,0.4706,1.1097,5.03,5.58,0.3523
2022-09-27,437,188,123,65,794.84,439.69,355.15,0.4302,1.8077,3.57,6.46,0.3457
2022-09-28,647,611,544,67,1802.1,413.24,1388.86,0.9444,4.3609,0.76,3.31,0.1097
2022-09-29,469,301,223,78,1439.85,407.94,1031.91,0.6418,3.5296,1.83,6.46,0.2591
2022-09-30,44,10,7,3,18.21,65.95,-47.74,0.2273,0.2761,9.42,2.6,0.3
2022-10-01,450,158,84,74,732.35,581.1,151.25,0.3511,1.2603,6.92,8.72,0.4684
2022-10-02,394,363,273,90,1360.6,262.21,1098.39,0.9213,5.189,0.96,4.98,0.2479
2022-10-03,519,400,334,66,1869.07,503.53,1365.54,0.7707,3.7119,1.51,5.6,0.165
2022-10-04,303,126,36,90,608.45,218.55,389.91,0.4158,2.7841,6.07,16.9,0.7143
2022-10-05,649,540,453,87,2129.67,497.87,1631.8,0.832,4.2776,1.1,4.7,0.1611
2022-10-06,397,154,74,80,349.32,571.96,-222.65,0.3879,0.6107,7.73,4.72,0.5195
2022-10-07,501,177,109,68,803.23,305.44,497.79,0.3533,2.6298,2.8,7.37,0.3842
2022-10-08,18,17,15,2,19.65,71.05,-51.4,0.9444,0.2766,4.74,1.31,0.1176
2022-10-09,671,271,197,74,664.25,569.98,94.27,0.4039,1.1654,2.89,3.37,0.2731
2022-10-10,782,120,34,86,298.78,265.57,33.21,0.1535,1.1251,7.81,8.79,0.7167
2022-10-11,26,15,9,6,16.08,94.54,-78.46,0.5769,0.1701,10.5,1.79,0.4
2022-10-12,637,606,513,93,2237.65,324.24,1913.41,0.9513,6.9012,0.63,4.36,0.1535
2022-10-13,663,323,266,57,953.56,347.13,606.43,0.4872,2.747,1.31,3.58,0.1765
2022-10-14,660,198,118,80,686.49,385.97,300.52,0.3,1.7786,3.27,5.82,0.404
2022-10-15,765,552,481,71,1358.9,428.66,930.24,0.7216,3.1701,0.89,2.83,0.1286
2022-10-16,774,729,673,56,2491.62,587.05,1904.56,0.9419,4.2443,0.87,3.7,0.0768
2022-10-17,21,14,14,0,16.77,47.45,-30.68,0.6667,0.3534,3.39,1.2,0.0
2022-10-18,33,28,23,5,40.8,13.25,27.55,0.8485,3.0797,0.58,1.77,0.1786
2022-10-19,418,169,101,68,346.23,215.72,130.51,0.4043,1.605,2.14,3.43,0.4024
2022-10-20,447,379,300,79,925.45,407.86,517.59,0.8479,2.269,1.36,3.08,0.2084
2022-10-21,19,18,18,0,33.43,58.77,-25.34,0.9474,0.5688,3.26,1.86,0.0
2022-10-22,768,349,267,82,1082.77,290.86,791.91,0.4544,3.7227,1.09,4.06,0.235
2022-10-23,372,348,255,93,1196.31,559.79,636.53,0.9355,2.1371,2.2,4.69,0.2672
2022-10-24,300,227,148,79,741.12,379.89,361.23,0.7567,1.9509,2.57,5.01,0.348
2022-10-25,492,103,26,77,212.74,409.12,-196.38,0.2093,0.52,15.74,8.18,0.7476
2022-10-26,689,576,509,67,2207.64,584.13,1623.52,0.836,3.7794,1.15,4.34,0.1163
2022-10-27,683,570,490,80,1604.35,361.19,1243.16,0.8346,4.4418,0.74,3.27,0.1404
2022-10-28,482,133,82,51,297.37,298.08,-0.71,0.2759,0.9976,3.64,3.63,0.3835
2022-10-29,390,260,200,60,1215.3,559.58,655.72,0.6667,2.1718,2.8,6.08,0.2308
2022-10-30,543,506,452,54,2277.27,436.6,1840.68,0.9319,5.216,0.97,5.04,0.1067
2022-10-31,742,619,569,50,1384.54,529.13,855.41,0.8342,2.6166,0.93,2.43,0.0808
2022-11-01,480,294,224,70,1082.69,281.73,800.97,0.6125,3.8431,1.26,4.83,0.2381
2022-11-02,665,215,122,93,793.14,324.72,468.43,0.3233,2.4426,2.66,6.5,0.4326
2022-11-03,500,232,177,55,1005.12,330.92,674.19,0.464,3.0373,1.87,5.68,0.2371
2022-11-04,635,457,362,95,1971.18,520.47,1450.71,0.7197,3.7873,1.44,5.45,0.2079
2022-11-05,26,23,23,0,41.24,53.23,-11.99,0.8846,0.7748,2.31,1.79,0.0
2022-11-06,785,407,353,54,1766.48,496.02,1270.47,0.5185,3.5614,1.41,5.0,0.1327
2022-11-07,317,264,182,82,668.18,551.93,116.25,0.8328,1.2106,3.03,3.67,0.3106
2022-11-08,606,263,173,90,942.13,320.92,621.21,0.434,2.9357,1.86,5.45,0.3422
2022-11-09,378,275,176,99,774.71,237.97,536.75,0.7275,3.2556,1.35,4.4,0.36
2022-11-10,577,538,441,97,2598.5,258.38,2340.12,0.9324,10.057,0.59,5.89,0.1803
2022-11-11,22,22,20,2,40.87,79.9,-39.03,1.0,0.5115,3.99,2.04,0.0909
2022-11-12,732,305,217,88,858.23,212.51,645.72,0.4167,4.0385,0.98,3.95,0.2885
2022-11-13,15,11,8,3,15.43,91.73,-76.31,0.7333,0.1682,11.47,1.93,0.2727
2022-11-14,400,303,251,52,852.7,244.3,608.39,0.7575,3.4903,0.97,3.4,0.1716
2022-11-15,475,204,133,71,995.57,446.9,548.67,0.4295,2.2277,3.36,7.49,0.348
2022-11-16,658,242,143,99,491.29,565.54,-74.25,0.3678,0.8687,3.95,3.44,0.4091
2022-11-17,424,395,330,65,947.73,243.23,704.5,0.9316,3.8965,0.74,2.87,0.1646
2022-11-18,14,10,4,6,10.11,71.98,-61.87,0.7143,0.1405,18.0,2.53,0.6
2022-11-19,341,160,71,89,586.88,576.3,10.58,0.4692,1.0184,8.12,8.27,0.5562
2022-11-20,23,14,10,4,15.67,44.26,-28.59,0.6087,0.354,4.43,1.57,0.2857
2022-11-21,40,35,30,5,33.17,15.81,17.35,0.875,2.0974,0.53,1.11,0.1429
2022-11-22,649,254,162,92,566.64,486.16,80.47,0.3914,1.1655,3.0,3.5,0.3622
2022-11-23,766,361,286,75,1052.17,368.73,683.44,0.4713,2.8535,1.29,3.68,0.2078
2022-11-24,601,178,86,92,693.04,449.53,243.51,0.2962,1.5417,5.23,8.06,0.5169
2022-11-25,336,101,42,59,333.64,545.57,-211.93,0.3006,0.6115,12.99,7.94,0.5842
2022-11-26,706,469,415,54,1875.95,503.72,1372.23,0.6643,3.7242,1.21,4.52,0.1151
2022-11-27,655,449,389,60,1247.96,273.46,974.5,0.6855,4.5636,0.7,3.21,0.1336
2022-11-28,374,197,125,72,453.53,337.84,115.69,0.5267,1.3424,2.7,3.63,0.3655
2022-11-29,650,434,376,58,1851.68,507.24,1344.44,0.6677,3.6505,1.35,4.92,0.1336
2022-11-30,32,26,21,5,38.15,98.84,-60.7,0.8125,0.3859,4.71,1.82,0.1923
2022-12-01,578,164,84,80,732.63,360.04,372.59,0.2837,2.0348,4.29,8.72,0.4878
2022-12-02,588,347,253,94,1516.86,530.76,986.1,0.5901,2.8579,2.1,6.0,0.2709
2022-12-03,465,169,77,92,549.75,208.47,341.28,0.3634,2.637,2.71,7.14,0.5444
2022-12-04,27,17,7,10,8.56,44.04,-35.48,0.6296,0.1943,6.29,1.22,0.5882
2022-12-05,492,271,207,64,1286.88,216.85,1070.04,0.5508,5.9346,1.05,6.22,0.2362
2022-12-06,17,14,7,7,15.38,96.18,-80.8,0.8235,0.1599,13.74,2.2,0.5
2022-12-07,551,485,400,85,1393.76,582.12,811.64,0.8802,2.3943,1.46,3.48,0.1753
2022-12-08,499,386,329,57,1878.93,207.57,1671.36,0.7735,9.0519,0.63,5.71,0.1477
2022-12-09,31,27,23,4,28.93,64.65,-35.71,0.871,0.4475,2.81,1.26,0.1481
2022-12-10,323,179,122,57,382.79,237.19,145.6,0.5542,1.6138,1.94,3.14,0.3184
2022-12-11,26,15,8,7,25.75,72.11,-46.36,0.5769,0.3571,9.01,3.22,0.4667
2022-12-12,50,31,25,6,50.05,27.28,22.77,0.62,1.8346,1.09,2.0,0.1935
2022-12-13,489,457,403,54,966.1,460.54,505.55,0.9346,2.0977,1.14,2.4,0.1182
2022-12-14,33,14,11,3,9.15,87.43,-78.28,0.4242,0.1046,7.95,0.83,0.2143
2022-12-15,601,419,340,79,1298.64,536.64,762.0,0.6972,2.42,1.58,3.82,0.1885
2022-12-16,536,434,334,100,1079.97,582.91,497.06,0.8097,1.8527,1.75,3.23,0.2304
2022-12-17,611,575,495,80,1162.27,202.86,959.41,0.9411,5.7295,0.41,2.35,0.1391
2022-12-18,526,247,191,56,545.7,488.86,56.84,0.4696,1.1163,2.56,2.86,0.2267
2022-12-19,347,307,221,86,824.54,245.0,579.55,0.8847,3.3655,1.11,3.73,0.2801
2022-12-20,311,141,87,54,362.79,404.39,-41.61,0.4534,0.8971,4.65,4.17,0.383
2022-12-21,534,247,190,57,958.91,239.59,719.33,0.4625,4.0024,1.26,5.05,0.2308
2022-12-22,432,354,280,74,1004.39,218.33,786.06,0.8194,4.6004,0.78,3.59,0.209
2022-12-23,16,13,9,4,14.17,16.94,-2.76,0.8125,0.8368,1.88,1.57,0.3077
2022-12-24,370,134,56,78,321.71,342.57,-20.86,0.3622,0.9391,6.12,5.74,0.5821
2022-12-25,722,689,612,77,2584.89,269.7,2315.19,0.9543,9.5845,0.44,4.22,0.1118
2022-12-26,46,24,22,2,39.68,82.3,-42.62,0.5217,0.4821,3.74,1.8,0.0833
2022-12-27,660,453,363,90,1999.91,447.74,1552.18,0.6864,4.4667,1.23,5.51,0.1987
2022-12-28,429,181,90,91,772.68,417.57,355.11,0.4219,1.8504,4.64,8.59,0.5028
2022-12-29,571,434,348,86,1343.33,471.44,871.89,0.7601,2.8494,1.35,3.86,0.1982
2022-12-30,31,20,13,7,29.76,46.45,-16.69,0.6452,0.6407,3.57,2.29,0.35
2022-12-31,407,302,202,100,1327.33,357.73,969.6,0.742,3.7104,1.77,6.57,0.3311
