country,lines,line_value_usd,late_lines,late_rate,on_time_rate,avg_delay_days_when_late,freight_cost_usd,freight_to_value
South Africa,1406,108670145.47,115,0.0818,0.9182,40.3,2493587.3,0.0284
Nigeria,1194,350272104.87,142,0.1189,0.8811,14.7,14268550.39,0.0544
Côte d'Ivoire,1083,120884500.89,134,0.1237,0.8763,15.2,6092165.51,0.0757
Uganda,779,96197336.16,98,0.1258,0.8742,11.9,5484292.24,0.0762
Vietnam,688,56974405.86,6,0.0087,0.9913,20.7,2737277.29,0.0634
Zambia,683,246988840.41,108,0.1581,0.8419,16.1,6310437.21,0.0347
Haiti,655,43502785.9,62,0.0947,0.9053,12.4,4000498.93,0.1554
Mozambique,631,182024690.72,116,0.1838,0.8162,21.0,3294121.06,0.0292
Zimbabwe,538,104439960.51,77,0.1431,0.8569,15.6,4318000.86,0.0662
Tanzania,519,129459495.65,66,0.1272,0.8728,20.8,4827989.32,0.047
Rwanda,430,71127583.08,37,0.086,0.914,16.4,5893493.23,0.1033
"Congo, DRC",333,5772336.35,83,0.2492,0.7508,65.6,699082.91,0.2517
Guyana,237,4251621.47,24,0.1013,0.8987,7.8,493844.86,0.1384
Ethiopia,216,19146998.67,12,0.0556,0.9444,12.9,1993645.56,0.1251
South Sudan,164,2133156.73,21,0.128,0.872,12.0,249818.76,0.357
Kenya,111,33931560.98,14,0.1261,0.8739,11.9,1429011.64,0.0463
Burundi,98,3351580.36,38,0.3878,0.6122,11.2,312042.32,0.137
Namibia,95,5857023.86,1,0.0105,0.9895,13.0,459839.37,0.0863
Cameroon,75,14629170.19,7,0.0933,0.9067,10.7,1792351.49,0.1444
Botswana,70,1632899.21,2,0.0286,0.9714,15.0,137930.17,0.0864
Ghana,58,6453281.1,8,0.1379,0.8621,25.4,552828.98,0.0997
Dominican Republic,52,3146476.79,4,0.0769,0.9231,20.5,245864.58,0.1578
Sudan,46,299338.4,0,0.0,1.0,,64213.31,0.28
Swaziland,35,6165993.85,3,0.0857,0.9143,5.7,199887.26,0.0354
Mali,17,146870.0,0,0.0,1.0,,27663.9,0.1926
Guatemala,15,655249.12,2,0.1333,0.8667,10.0,38494.98,0.2416
Pakistan,15,1442540.0,0,0.0,1.0,,106387.81,0.0741
Malawi,14,5854456.0,0,0.0,1.0,,100420.13,0.0172
Benin,13,787725.48,3,0.2308,0.7692,20.3,66015.17,0.101
Libya,8,164366.01,1,0.125,0.875,3.0,8361.17,0.0741
Lebanon,8,9.36,0,0.0,1.0,,0.0,
Angola,7,198400.0,0,0.0,1.0,,32796.7,0.1653
Liberia,6,102840.0,0,0.0,1.0,,19950.85,0.194
Lesotho,4,253220.0,0,0.0,1.0,,11651.41,0.0682
Sierra Leone,4,379550.0,0,0.0,1.0,,36498.53,0.1086
Senegal,3,8864.0,1,0.3333,0.6667,3.0,1444.63,0.1667
Togo,3,153781.24,1,0.3333,0.6667,24.0,12544.72,0.0819
Afghanistan,3,4617.35,0,0.0,1.0,,1081.05,0.6227
Kyrgyzstan,2,79000.0,0,0.0,1.0,,0.0,
Kazakhstan,2,35000.0,0,0.0,1.0,,0.0,
Burkina Faso,2,451.25,0,0.0,1.0,,0.0,
Guinea,1,3600.0,0,0.0,1.0,,1804.2,0.5012
Belize,1,630.0,0,0.0,1.0,,1959.61,3.1105
