country,shipment_mode,lines,line_value_usd,late_lines,late_rate,on_time_rate,avg_delay_days_when_late,freight_cost_usd,freight_to_value
Afghanistan,Air,3,4617.35,0,0.0,1.0,,1081.05,0.6227
Angola,Air,5,181600.0,0,0.0,1.0,,30832.07,0.1698
Angola,Truck,2,16800.0,0,0.0,1.0,,1964.63,0.1169
Belize,Air,1,630.0,0,0.0,1.0,,1959.61,3.1105
Benin,Air,13,787725.48,3,0.2308,0.7692,20.3,66015.17,0.101
Botswana,Air,63,1546999.21,2,0.0317,0.9683,15.0,133841.79,0.0866
Botswana,Truck,4,49900.0,0,0.0,1.0,,1220.73,0.0848
Botswana,Unknown,3,36000.0,0,0.0,1.0,,2867.65,0.0797
Burkina Faso,Air,2,451.25,0,0.0,1.0,,0.0,
Burundi,Air,98,3351580.36,38,0.3878,0.6122,11.2,312042.32,0.137
Cameroon,Air,61,10644193.37,3,0.0492,0.9508,13.0,1435871.76,0.1361
Cameroon,Air Charter,14,3984976.82,4,0.2857,0.7143,9.0,356479.73,0.1907
"Congo, DRC",Air,331,5465586.35,83,0.2508,0.7492,65.6,699082.91,0.2517
"Congo, DRC",Truck,2,306750.0,0,0.0,1.0,,0.0,
Côte d'Ivoire,Air,682,61525853.95,71,0.1041,0.8959,18.8,3642499.46,0.0796
Côte d'Ivoire,Air Charter,5,766244.52,0,0.0,1.0,,31456.28,0.1067
Côte d'Ivoire,Ocean,5,2107215.86,0,0.0,1.0,,105202.0,0.0773
Côte d'Ivoire,Truck,278,47817434.63,62,0.223,0.777,11.1,2015601.84,0.0731
Côte d'Ivoire,Unknown,113,8667751.93,1,0.0088,0.9912,14.0,297405.93,0.0544
Dominican Republic,Air,49,3088876.79,4,0.0816,0.9184,20.5,245197.92,0.1626
Dominican Republic,Truck,3,57600.0,0,0.0,1.0,,666.66,0.0134
Ethiopia,Air,194,17664900.11,12,0.0619,0.9381,12.9,1845342.72,0.1219
Ethiopia,Ocean,1,460420.8,0,0.0,1.0,,11729.82,0.0255
Ethiopia,Truck,3,3477.48,0,0.0,1.0,,505.0,0.9403
Ethiopia,Unknown,18,1018200.28,0,0.0,1.0,,136068.02,0.4079
Ghana,Air,43,5147621.55,8,0.186,0.814,25.4,512769.67,0.106
Ghana,Ocean,2,554838.13,0,0.0,1.0,,36083.61,0.065
Ghana,Truck,13,750821.42,0,0.0,1.0,,3975.7,0.0257
Guatemala,Air,15,655249.12,2,0.1333,0.8667,10.0,38494.98,0.2416
Guinea,Air,1,3600.0,0,0.0,1.0,,1804.2,0.5012
Guyana,Air,229,4215010.81,24,0.1048,0.8952,7.8,487938.77,0.1377
Guyana,Truck,3,1826.66,0,0.0,1.0,,3178.0,8.8845
Guyana,Unknown,5,34784.0,0,0.0,1.0,,2728.09,0.1144
Haiti,Air,560,27773861.99,61,0.1089,0.8911,12.5,3685689.12,0.1958
Haiti,Air Charter,4,7936.88,0,0.0,1.0,,8329.13,2.1352
Haiti,Ocean,83,15089412.03,0,0.0,1.0,,303720.94,0.0442
Haiti,Truck,6,584375.0,1,0.1667,0.8333,7.0,0.0,
Haiti,Unknown,2,47200.0,0,0.0,1.0,,2759.74,0.0585
Kazakhstan,Air,2,35000.0,0,0.0,1.0,,0.0,
Kenya,Air,82,30369909.98,14,0.1707,0.8293,11.9,1419913.31,0.0479
Kenya,Truck,29,3561651.0,0,0.0,1.0,,9098.33,0.0076
Kyrgyzstan,Air,2,79000.0,0,0.0,1.0,,0.0,
Lebanon,Air,8,9.36,0,0.0,1.0,,0.0,
Lesotho,Air,4,253220.0,0,0.0,1.0,,11651.41,0.0682
Liberia,Air,6,102840.0,0,0.0,1.0,,19950.85,0.194
Libya,Air,8,164366.01,1,0.125,0.875,3.0,8361.17,0.0741
Malawi,Air,10,109456.0,0,0.0,1.0,,20279.91,0.1853
Malawi,Ocean,4,5745000.0,0,0.0,1.0,,80140.22,0.0139
Mali,Air,17,146870.0,0,0.0,1.0,,27663.9,0.1926
Mozambique,Air,290,40128312.64,9,0.031,0.969,13.8,1622772.82,0.0542
Mozambique,Ocean,4,1327040.0,0,0.0,1.0,,72387.16,0.056
Mozambique,Truck,337,140569338.08,107,0.3175,0.6825,21.6,1598961.08,0.0196
Namibia,Air,87,5048938.21,1,0.0115,0.9885,13.0,432087.48,0.0911
Namibia,Truck,6,774485.65,0,0.0,1.0,,27063.05,0.0469
Namibia,Unknown,2,33600.0,0,0.0,1.0,,688.84,0.0718
Nigeria,Air,547,109873063.23,71,0.1298,0.8702,16.5,6181882.96,0.0705
Nigeria,Air Charter,608,238867577.26,71,0.1168,0.8832,13.0,7998308.92,0.046
Nigeria,Ocean,1,152007.6,0,0.0,1.0,,17096.24,0.1125
Nigeria,Truck,2,3249.9,0,0.0,1.0,,9352.63,2.8778
Nigeria,Unknown,36,1376206.88,0,0.0,1.0,,61909.64,0.0824
Pakistan,Air,15,1442540.0,0,0.0,1.0,,106387.81,0.0741
Rwanda,Air,338,43353376.33,13,0.0385,0.9615,16.2,4723189.23,0.1235
Rwanda,Air Charter,1,3330.0,0,0.0,1.0,,4370.8,1.3126
Rwanda,Ocean,20,11178281.71,0,0.0,1.0,,639694.39,0.0669
Rwanda,Truck,71,16592595.04,24,0.338,0.662,16.5,526238.81,0.0569
Senegal,Air,3,8864.0,1,0.3333,0.6667,3.0,1444.63,0.1667
Sierra Leone,Air,4,379550.0,0,0.0,1.0,,36498.53,0.1086
South Africa,Air,230,24383275.04,39,0.1696,0.8304,46.6,509025.96,0.0257
South Africa,Ocean,229,76166521.77,65,0.2838,0.7162,39.9,1977517.93,0.0291
South Africa,Truck,905,7905570.63,10,0.011,0.989,13.0,7043.41,0.1
South Africa,Unknown,42,214778.03,1,0.0238,0.9762,95.0,0.0,
South Sudan,Air,162,2130903.43,21,0.1296,0.8704,12.0,248177.76,0.3549
South Sudan,Truck,2,2253.3,0,0.0,1.0,,1641.0,3.2271
Sudan,Air,46,299338.4,0,0.0,1.0,,64213.31,0.28
Swaziland,Air,32,3507485.85,3,0.0938,0.9062,5.7,169101.09,0.0566
Swaziland,Ocean,2,2009158.0,0,0.0,1.0,,25815.12,0.0128
Swaziland,Truck,1,649350.0,0,0.0,1.0,,4971.05,0.0077
Tanzania,Air,306,61853908.37,15,0.049,0.951,17.9,3701303.52,0.072
Tanzania,Ocean,6,5900185.48,0,0.0,1.0,,111674.24,0.0203
Tanzania,Truck,187,57869090.66,49,0.262,0.738,22.6,917084.58,0.0215
Tanzania,Unknown,20,3836311.14,2,0.1,0.9,1.0,97926.98,0.0325
Togo,Air,3,153781.24,1,0.3333,0.6667,24.0,12544.72,0.0819
Uganda,Air,534,50035473.44,55,0.103,0.897,9.3,3553978.47,0.0883
Uganda,Ocean,8,3211444.51,0,0.0,1.0,,82267.99,0.0439
Uganda,Truck,229,42857395.43,43,0.1878,0.8122,15.3,1841359.45,0.0618
Uganda,Unknown,8,93022.78,0,0.0,1.0,,6686.33,0.1036
Vietnam,Air,687,56933687.94,6,0.0087,0.9913,20.7,2735875.8,0.0634
Vietnam,Truck,1,40717.92,0,0.0,1.0,,1401.49,0.0344
Zambia,Air,195,40141320.95,19,0.0974,0.9026,8.1,2757825.26,0.0741
Zambia,Ocean,3,949221.5,0,0.0,1.0,,63940.06,0.0674
Zambia,Truck,386,181261841.21,89,0.2306,0.7694,17.8,2712772.79,0.0217
Zambia,Unknown,99,24636456.75,0,0.0,1.0,,775899.1,0.0415
Zimbabwe,Air,145,14293089.34,7,0.0483,0.9517,11.3,1534030.08,0.1405
Zimbabwe,Air Charter,18,2742165.67,0,0.0,1.0,,527163.62,0.1973
Zimbabwe,Ocean,3,1327196.4,0,0.0,1.0,,63459.07,0.0478
Zimbabwe,Truck,360,85705845.09,70,0.1944,0.8056,16.0,2181588.0,0.0437
Zimbabwe,Unknown,12,371664.01,0,0.0,1.0,,11760.09,0.0325
