delivery_month,lines,line_value_usd,late_lines,late_rate,on_time_rate,avg_delay_days_when_late,freight_cost_usd,freight_to_value
2006-05,2,2109.7,0,0.0,1.0,,1149.05,0.5447
2006-06,2,11627.45,0,0.0,1.0,,2596.91,0.2233
2006-07,3,129900.0,0,0.0,1.0,,1039.5,0.4331
2006-08,6,692401.0,0,0.0,1.0,,49150.58,0.2431
2006-09,18,1033271.96,0,0.0,1.0,,103007.4,0.106
2006-10,6,295606.55,0,0.0,1.0,,23625.95,0.0799
2006-11,10,824847.8,0,0.0,1.0,,36722.4,0.0451
2006-12,18,1854747.98,0,0.0,1.0,,69726.94,0.06
2007-01,21,1603591.45,0,0.0,1.0,,65896.17,0.0517
2007-02,22,1892783.57,0,0.0,1.0,,104401.32,0.2954
2007-03,36,2984829.02,3,0.0833,0.9167,24.0,241323.68,0.1238
2007-04,44,3363039.31,0,0.0,1.0,,131272.9,0.0587
2007-05,56,6272744.73,1,0.0179,0.9821,63.0,250885.72,0.0504
2007-06,56,5824123.95,0,0.0,1.0,,163371.46,0.041
2007-07,57,5127265.59,0,0.0,1.0,,226363.9,0.0605
2007-08,81,7230555.3,4,0.0494,0.9506,23.0,355823.34,0.0727
2007-09,93,8212968.38,0,0.0,1.0,,366183.5,0.0997
2007-10,58,3998394.81,1,0.0172,0.9828,17.0,291833.31,0.1034
2007-11,79,8533389.83,0,0.0,1.0,,410071.33,0.0709
2007-12,68,4592542.23,2,0.0294,0.9706,19.5,332896.93,0.0786
2008-01,123,8867422.06,5,0.0407,0.9593,15.2,484196.34,0.0651
2008-02,73,8329648.49,1,0.0137,0.9863,14.0,288255.27,0.0541
2008-03,90,9053502.55,2,0.0222,0.9778,39.5,490721.67,0.0744
2008-04,113,6462579.43,4,0.0354,0.9646,25.0,322054.21,0.0747
2008-05,78,6890415.43,2,0.0256,0.9744,25.5,210185.76,0.0342
2008-06,79,7598639.96,0,0.0,1.0,,292446.37,0.0462
2008-07,103,14515821.41,2,0.0194,0.9806,4.0,559952.27,0.0555
2008-08,78,10915167.96,0,0.0,1.0,,317300.05,0.0387
2008-09,90,14912400.47,0,0.0,1.0,,586099.41,0.0579
2008-10,92,10199178.04,0,0.0,1.0,,856137.26,0.133
2008-11,116,11316702.7,0,0.0,1.0,,585160.97,0.065
2008-12,73,4481202.51,0,0.0,1.0,,309328.43,0.0991
2009-01,82,4406047.74,0,0.0,1.0,,302147.74,0.0971
2009-02,60,8935623.61,0,0.0,1.0,,256796.29,0.0337
2009-03,98,11156581.43,0,0.0,1.0,,485046.68,0.0507
2009-04,121,12941576.69,1,0.0083,0.9917,29.0,344383.84,0.0372
2009-05,66,9272885.21,0,0.0,1.0,,378481.02,0.0458
2009-06,110,14052693.08,1,0.0091,0.9909,7.0,447264.17,0.0409
2009-07,72,4987649.32,3,0.0417,0.9583,42.0,280187.75,0.0601
2009-08,125,15851738.85,14,0.112,0.888,9.0,404799.36,0.0294
2009-09,98,17560556.22,2,0.0204,0.9796,18.5,483497.54,0.036
2009-10,159,14175542.07,9,0.0566,0.9434,25.1,651218.78,0.0621
2009-11,88,7812037.33,0,0.0,1.0,,380932.2,0.0617
2009-12,113,10537624.27,14,0.1239,0.8761,2.1,552753.99,0.0607
2010-01,68,6899986.52,7,0.1029,0.8971,7.4,468173.36,0.0756
2010-02,46,5555926.54,5,0.1087,0.8913,3.0,406078.61,0.0822
2010-03,198,15509275.0,8,0.0404,0.9596,1.4,874943.75,0.113
2010-04,68,6028056.4,1,0.0147,0.9853,13.0,387838.04,0.0988
2010-05,136,15016168.34,11,0.0809,0.9191,13.7,812018.0,0.0645
2010-06,160,23223795.9,18,0.1125,0.8875,8.6,580082.38,0.0461
2010-07,68,11907069.0,5,0.0735,0.9265,10.0,511318.41,0.0498
2010-08,116,13758738.25,21,0.181,0.819,8.3,741040.59,0.0595
2010-09,71,12132115.6,7,0.0986,0.9014,19.6,502886.25,0.0675
2010-10,54,13092413.91,29,0.537,0.463,15.9,435857.51,0.0473
2010-11,89,15446519.71,24,0.2697,0.7303,27.4,621730.94,0.0623
2010-12,102,22590770.71,38,0.3725,0.6275,22.4,778734.01,0.0421
2011-01,51,7626146.66,14,0.2745,0.7255,33.9,360557.48,0.0505
2011-02,97,19125453.47,23,0.2371,0.7629,23.4,665829.57,0.0496
2011-03,101,23299727.27,25,0.2475,0.7525,32.2,794563.5,0.0479
2011-04,68,14818765.44,10,0.1471,0.8529,14.0,418738.57,0.0315
2011-05,74,17584761.74,37,0.5,0.5,33.9,545627.28,0.0348
2011-06,107,10807911.1,40,0.3738,0.6262,38.1,604697.78,0.0826
2011-07,91,20167737.21,34,0.3736,0.6264,17.3,1085697.43,0.0603
2011-08,69,11987501.78,14,0.2029,0.7971,23.8,677853.08,0.0834
2011-09,136,44273902.4,20,0.1471,0.8529,27.1,1223740.56,0.0328
2011-10,89,17455964.67,14,0.1573,0.8427,11.5,884949.49,0.0618
2011-11,83,19836052.81,12,0.1446,0.8554,33.3,736684.85,0.0391
2011-12,83,22415159.75,7,0.0843,0.9157,12.1,901805.42,0.0526
2012-01,73,10090828.25,13,0.1781,0.8219,21.1,514196.57,0.0551
2012-02,164,23141228.23,8,0.0488,0.9512,20.0,819288.24,0.0479
2012-03,122,19082106.48,14,0.1148,0.8852,8.5,913703.29,0.0644
2012-04,88,24337825.52,10,0.1136,0.8864,22.0,681754.43,0.0383
2012-05,106,15564813.59,23,0.217,0.783,11.7,532261.11,0.0519
2012-06,103,16546982.43,1,0.0097,0.9903,3.0,768762.68,0.0674
2012-07,105,29454126.19,12,0.1143,0.8857,10.5,1144741.65,0.0458
2012-08,100,24260833.9,5,0.05,0.95,8.2,1413668.06,0.0754
2012-09,73,11780208.36,2,0.0274,0.9726,9.0,859318.04,0.0937
2012-10,143,25723680.39,9,0.0629,0.9371,7.3,1283830.79,0.0704
2012-11,85,20007279.42,7,0.0824,0.9176,4.3,1198385.32,0.0656
2012-12,91,20309662.19,3,0.033,0.967,4.0,916410.47,0.075
2013-01,55,8930967.78,6,0.1091,0.8909,7.5,494236.85,0.0668
2013-02,98,20993589.57,9,0.0918,0.9082,22.3,1065776.69,0.0788
2013-03,123,15442232.9,14,0.1138,0.8862,22.3,880392.86,0.0896
2013-04,160,15819965.93,16,0.1,0.9,11.5,692615.59,0.0567
2013-05,104,23874505.44,13,0.125,0.875,10.7,861984.24,0.0428
2013-06,59,10340647.48,11,0.1864,0.8136,11.9,456218.56,0.0566
2013-07,96,23502272.83,14,0.1458,0.8542,7.8,739951.57,0.0541
2013-08,98,14966153.33,36,0.3673,0.6327,45.1,1032392.52,0.0943
2013-09,125,21870720.41,15,0.12,0.88,7.5,1627755.47,0.0995
2013-10,113,25546042.25,14,0.1239,0.8761,13.0,1238095.59,0.057
2013-11,134,31359186.61,34,0.2537,0.7463,7.4,1572725.46,0.058
2013-12,75,9209161.88,14,0.1867,0.8133,5.9,853751.44,0.1007
2014-01,124,28001960.33,10,0.0806,0.9194,60.3,1024574.62,0.0601
2014-02,178,31580615.35,61,0.3427,0.6573,56.3,1275507.64,0.0502
2014-03,81,15513291.58,11,0.1358,0.8642,21.6,725949.18,0.1083
2014-04,125,21675697.62,26,0.208,0.792,7.5,961412.81,0.065
2014-05,96,28228152.02,21,0.2188,0.7812,12.1,925440.36,0.0423
2014-06,151,34687662.78,26,0.1722,0.8278,20.8,1587217.08,0.0677
2014-07,107,25916671.55,15,0.1402,0.8598,8.3,1059605.56,0.0542
2014-08,236,14419051.44,9,0.0381,0.9619,21.9,549282.64,0.055
2014-09,135,16351960.5,43,0.3185,0.6815,28.4,1093895.79,0.0785
2014-10,153,24858305.95,30,0.1961,0.8039,33.7,802103.66,0.0521
2014-11,115,8924468.65,9,0.0783,0.9217,47.8,493452.85,0.0664
2014-12,72,15514002.61,7,0.0972,0.9028,4.3,546660.68,0.0453
2015-01,94,19655893.36,3,0.0319,0.9681,1.0,744262.82,0.0507
2015-02,127,24665383.93,30,0.2362,0.7638,11.8,1016280.15,0.052
2015-03,123,38192808.11,29,0.2358,0.7642,14.7,1054964.44,0.052
2015-04,104,26413540.31,3,0.0288,0.9712,16.0,896126.32,0.044
2015-05,137,33091342.94,6,0.0438,0.9562,17.7,990528.18,0.0461
2015-06,100,24973255.97,10,0.1,0.9,11.7,705313.86,0.0474
2015-07,170,12289553.96,20,0.1176,0.8824,16.2,203976.67,0.0804
2015-08,121,18539307.35,19,0.157,0.843,11.2,80940.09,0.164
2015-09,21,1662612.0,0,0.0,1.0,,0.0,
