priority,departamento,categoria,directiva_employees,tecnica_employees,directiva_median_salary,tecnica_median_salary,gap,target_tecnica_median_salary,suggested_raise_pct,estimated_monthly_cost_cop,recommendation
1,Clientes menores,Profesional,3,34,7665871.0,5370040.0,0.4275,6968974.0,0.2978,54363727.0,Revisar el salario de los 34 empleados técnicos de Profesional en Clientes menores: los directivos de su misma categoría ganan 43% más; subir su mediana 30% deja la brecha en 10%.
2,Planeación financiera,Profesional,3,24,8935199.0,6404791.0,0.3951,8122908.0,0.2683,41234812.0,Revisar el salario de los 24 empleados técnicos de Profesional en Planeación financiera: los directivos de su misma categoría ganan 40% más; subir su mediana 27% deja la brecha en 10%.
3,Operaciones,Profesional,5,43,8590875.0,6214519.0,0.3824,7809886.0,0.2567,68600797.0,Revisar el salario de los 43 empleados técnicos de Profesional en Operaciones: los directivos de su misma categoría ganan 38% más; subir su mediana 26% deja la brecha en 10%.
4,Clientes menores,Especialista,9,17,10450006.0,8068743.0,0.2951,9500005.0,0.1774,24331462.0,Revisar el salario de los 17 empleados técnicos de Especialista en Clientes menores: los directivos de su misma categoría ganan 30% más; subir su mediana 18% deja la brecha en 10%.
5,Operaciones,Especialista,5,39,12065912.0,9657316.0,0.2494,10969011.0,0.1358,51156101.0,Revisar el salario de los 39 empleados técnicos de Especialista en Operaciones: los directivos de su misma categoría ganan 25% más; subir su mediana 14% deja la brecha en 10%.
6,Recursos humanos,Especialista,8,28,10932540.0,8832780.0,0.2377,9938673.0,0.1252,30964982.0,Revisar el salario de los 28 empleados técnicos de Especialista en Recursos humanos: los directivos de su misma categoría ganan 24% más; subir su mediana 13% deja la brecha en 10%.
7,Operaciones,Senior,11,32,15250085.0,12645023.0,0.206,13863714.0,0.0964,38998100.0,Revisar el salario de los 32 empleados técnicos de Senior en Operaciones: los directivos de su misma categoría ganan 21% más; subir su mediana 10% deja la brecha en 10%.
8,Tecnología,Especialista,7,36,11822299.0,10073894.0,0.1736,10747545.0,0.0669,24251420.0,Revisar el salario de los 36 empleados técnicos de Especialista en Tecnología: los directivos de su misma categoría ganan 17% más; subir su mediana 7% deja la brecha en 10%.
9,Planeación financiera,Especialista,4,31,11388760.0,9720731.0,0.1716,10353419.0,0.0651,19613317.0,Revisar el salario de los 31 empleados técnicos de Especialista en Planeación financiera: los directivos de su misma categoría ganan 17% más; subir su mediana 7% deja la brecha en 10%.
10,Planeación financiera,Senior,6,17,15109118.0,12997259.0,0.1625,13735561.0,0.0568,12551140.0,Revisar el salario de los 17 empleados técnicos de Senior en Planeación financiera: los directivos de su misma categoría ganan 16% más; subir su mediana 6% deja la brecha en 10%.
11,Clientes menores,Principal,9,6,19392786.0,16827236.0,0.1525,17629805.0,0.0477,4815420.0,Revisar el salario de los 6 empleados técnicos de Principal en Clientes menores: los directivos de su misma categoría ganan 15% más; subir su mediana 5% deja la brecha en 10%.
