trayectoria,categoria,high_salary_threshold,employees,high_salary_employees,high_salary_rate,median_salary,mean_technical_experience_years,share_of_high_salaries
Directiva,Total,17340830.0,205,55,0.2683,14632908.0,12.0244,0.55
Técnica,Total,17340830.0,795,45,0.0566,8138389.0,8.4541,0.45
Directiva,Profesional,17340830.0,18,0,0.0,8252626.0,7.4444,0.0
Directiva,Especialista,17340830.0,46,0,0.0,10982024.0,8.8913,0.0
Directiva,Senior,17340830.0,88,2,0.0227,14739106.0,12.0,0.02
Directiva,Principal,17340830.0,53,53,1.0,19480291.0,16.3396,0.53
Técnica,Analista,17340830.0,140,0,0.0,4182974.0,4.0357,0.0
Técnica,Profesional,17340830.0,236,0,0.0,6237535.0,6.1229,0.0
Técnica,Especialista,17340830.0,208,0,0.0,9367871.0,9.2596,0.0
Técnica,Senior,17340830.0,144,0,0.0,12836592.0,11.9514,0.0
Técnica,Principal,17340830.0,67,45,0.6716,17591979.0,15.8806,0.45
