author,num_documents,global_citations
Tagliaro C.,8,42
Pomè A.P.,7,35
Rogers D.,5,252
Maalsen S.,5,99
Kim J.,5,42
Lee C.L.,5,41
Abidoye R.B.,5,17
Adilieme C.M.,5,17
Crager S.E.,4,40
Ullah F.,3,408
Fields D.,3,224
Worzala E.,3,110
Wolifson P.,3,55
Rimmer M.,3,50
Wang D.,3,39
Kassner A.J.,3,26
Zhang Y.,3,16
May M.,3,4
Kasim R.S.R.,3,0
Sepasgozar S.M.E.,2,260
Liu J.,2,203
Wang X.,2,203
Starr C.W.,2,98
Oksanen A.,2,82
Sadowski J.,2,50
Amin T.,2,46
Chandrasekharan S.,2,46
Cook-Deegan R.,2,46
Padmanabhan S.,2,46
Sampat B.,2,46
Vigren O.,2,44
Sun J.,2,33
Blake A.,2,29
Susilawati C.,2,29
Yam S.,2,29
Ramadan M.F.,2,25
Ciaramella G.,2,24
Oladiran O.,2,19
Zhu B.,2,17
Wyman D.,2,16
Seiler M.J.,2,15
Wang F.,2,15
Belyaev V.V.,2,11
Chausov D.N.,2,11
Gamal A.,2,11
Kozenkov V.M.,2,11
Maududy C.F.,2,11
Asensio-Soto J.C.,2,8
Navarro-Astor E.,2,8
Humber N.J.,2,6
Ahiadu A.A.,2,5
Alamoudi A.K.,2,5
Poleg D.,2,5
Harnisch A.,2,4
Hülsenberg D.,2,4
Jakob C.,2,4
Lee S.,2,4
Phan T.,2,4
Straube B.,2,4
Han Y.,2,3
Hwang J.-H.,2,3
Kurzrock B.-M.,2,3
Lee D.,2,3
Lim H.,2,3
Liu W.,2,3
Krass Ya.R.,2,2
Tang W.,2,1
Yang Y.,2,1
Ariffin W.N.M.,2,0
Jasimin T.H.,2,0
Li X.,2,0
Liu H.,2,0
Anilakumar K.R.,1,468
Bawa A.S.,1,468
Ambacher O.,1,379
Cimalla V.,1,379
Pezoldt J.,1,379
Wang C.,1,208
Shaw J.,1,152
Al-Turjman F.,1,148
Lukito J.,1,131
Riedl M.J.,1,131
Woolley S.C.,1,131
Belk R.W.,1,112
Dwivedi Y.K.,1,112
Mogaji E.,1,112
Wirtz J.,1,112
Gowda C.L.L.,1,97
Rai K.N.,1,97
Reddy B.V.S.,1,97
Sehgal S.,1,97
Saginor J.,1,89
Gao Y.-Y.,1,79
Hao G.-F.,1,79
Li J.-Y.,1,79
Li M.-Z.,1,79
Li X.-H.,1,79
Liu C.-R.,1,79
Borges A.F.,1,75
Coelho J.F.J.,1,75
Silva C.,1,75
Simões S.,1,75
Baum A.,1,71
Bergdahl J.,1,71
Braesemann F.,1,71
Latikka R.,1,71
Saull A.,1,71
Savela N.,1,71
Amirkhani A.,1,69
Shokouhi S.B.,1,69
Tork N.,1,69
Rodima-Taylor D.,1,61
Avagyan R.,1,58
Boman C.,1,58
Lindgren R.,1,58
Lundstedt S.,1,58
Nyström R.,1,58
Westerholm R.,1,58
Kauko T.,1,57
Marina N.,1,57
Shavrov S.,1,57
Siniak N.,1,57
Davis S.,1,52
Shirowzhan S.,1,52
Arcuri N.,1,50
De Ruggiero M.,1,50
Salvo F.,1,50
Zinno R.,1,50
Ante L.,1,49
Saggu A.,1,49
Saiz A.,1,49
Wazinski F.-P.,1,49
Wainwright T.,1,46
Charitidis C.A.,1,45
Konstantopoulos G.,1,45
Koumoulos E.P.,1,45
Soulis S.,1,45
Bates L.K.,1,44
Dawkins O.,1,44
Kitchin R.,1,44
Landau-Ward A.,1,44
Porter L.,1,44
Young G.,1,44
Allen M.,1,42
Cheung K.S.,1,42
Eriksson K.,1,42
Kadefors A.,1,42
Levy D.S.,1,42
Xiong C.,1,42
Gaytán-Martínez M.,1,40
Ramírez-Araujo H.,1,40
Reyes-Vega M.L.,1,40
Tariq M.U.,1,39
Viriato J.C.,1,39
Guevara M.,1,38
Naeem N.,1,37
Nasir A.R.,1,37
Punetha A.,1,37
Rai J.P.N.,1,37
Rana I.A.,1,37
Rhodes C.L.,1,37
Saraswat S.,1,37
Bittini J.S.,1,36
Guo X.,1,36
Moro-Visconti R.,1,36
Pascual J.L.,1,36
Rambaud S.C.,1,36
McElroy E.,1,34
Alicai T.,1,33
Anderson P.,1,33
Bua A.,1,33
Fauquet C.M.,1,33
Gaitán-Solís E.,1,33
Gichuki S.,1,33
Halsey M.,1,33
Miano D.,1,33
Taylor N.J.,1,33
Ismail M.,1,32
Newell G.,1,32
Zahari Wan Yusoff W.,1,32
Bruce M.,1,30
Solomon M.,1,30
Chen Y.,1,28
Dai C.,1,28
Mo Y.,1,28
Tang Y.,1,28
Yang N.,1,28
Adler P.,1,26
Florida R.,1,26
King K.,1,26
Mellander C.,1,26
Ylanen H.O.,1,26
Buczkowski M.,1,24
Cortes-Prieto C.-M.,1,24
Dryjanski M.,1,24
Garcia-Nuñez J.-A.,1,24
Kliks A.,1,24
Londoño-Univio N.-C.,1,24
Olivares-Tenorio M.-L.,1,24
Ould-Cheikh-Mouhamedou Y.,1,24
Quintanilla-Carvajal M.-X.,1,24
Rada-Bula A.-I.,1,24
Ricaurte-Puentes L.-Y.,1,24
Rojas-Díaz D.-A.,1,24
Romero H.-M.,1,24
Tibaquira-Perez L.-N.,1,24
Eltweri A.,1,23
Faccia A.,1,23
Kaur T.,1,23
Khassawneh O.,1,23
Moussa Ayoub T.E.,1,23
Rohn S.,1,23
Solomon P.,1,23
Ornetzeder M.,1,22
Ryghaug M.,1,22
Skjølsvold T.M.,1,22
Throndsen W.,1,22
Rubin T.H.,1,21
Trincado-Munoz F.,1,21
Vorley T.,1,21
van Meeteren M.,1,21
Bellintani S.,1,20
Miller N.G.,1,20
Tan Z.,1,20
Benjamin J.D.,1,19
Jud G.D.,1,19
Roth K.A.,1,19
Winkler D.T.,1,19
Hormadaly J.,1,17
Prudenziati M.,1,17
Abdellah W.R.,1,16
Ali M.A.M.,1,16
Burnham S.,1,16
Cabezas H.,1,16
Cajias M.,1,16
Dailey J.,1,16
Friedler F.,1,16
Hassan M.M.A.,1,16
Kim J.-G.,1,16
Poništ J.,1,16
Prepilkova V.,1,16
Samešová D.,1,16
Schwarz M.,1,16
Yenkie K.M.,1,16
Almeida N.,1,15
Assem S.,1,15
Bhooshan N.,1,15
Boucher J.,1,15
Burnet A.,1,15
Camarero S.,1,15
Chang H.-H.,1,15
Chen Y.-H.,1,15
Chiang C.-W.,1,15
Correia J.,1,15
Daryono R.W.,1,15
Dickins L.,1,15
Galhena H.,1,15
Hidayat N.,1,15
Hsiao Z.-C.,1,15
Hwang Y.-J.,1,15
Ihalainen P.,1,15
Jaedun A.,1,15
Ko C.-T.,1,15
Kuo T.-Y.,1,15
Lee Y.-C.,1,15
Levée T.,1,15
Li S.-M.,1,15
Machado P.,1,15
Maredia K.,1,15
Mbabazi R.,1,15
Meyer V.,1,15
Payumo J.G.,1,15
Pereira S.,1,15
Petit-Conil M.,1,15
Pinto P.,1,15
Polaina J.,1,15
Rodriguez-Fernandez N.,1,15
Rogers P.A.,1,15
Romero J.,1,15
Shih Y.-C.,1,15
Signorini M.,1,15
Talens-Perales D.,1,15
Vieira L.,1,15
Yolando A.P.,1,15
AbdulKader M.M.,1,14
Becker A.,1,14
Derrick N.,1,14
Koroleva O.,1,14
Kumar S.G.,1,14
Martin C.,1,14
Souza L.A.,1,14
Ali N.,1,13
Allan M.,1,13
Alotoum F.J.,1,13
Atiquzzaman M.,1,13
Chen J.,1,13
Danivska V.,1,13
Hashem T.,1,13
Kaisser F.,1,13
Kammoun F.,1,13
Lv Z.,1,13
Migliore A.,1,13
Outay F.,1,13
Ying C.,1,13
Pachilova R.,1,12
Sailer K.,1,12
Thomas M.,1,12
Cvetkovic A.,1,11
Gurran N.,1,11
Jiang Q.,1,11
Kintzi K.,1,11
Koike M.,1,11
Moro M.F.,1,11
Nasreen Z.,1,11
Savolainen I.,1,11
Shrestha P.,1,11
Xiang Y.,1,11
Zhou W.,1,11
de Andrade D.F.,1,11
de Souza Mendonça A.K.,1,11
Andriole S.J.,1,10
Cruz Rambaud S.,1,10
Hu Y.,1,10
Jiang Z.,1,10
López Pascual J.,1,10
Mansfield E.,1,10
Monsanto C.,1,10
Nie C.,1,10
Rai A.,1,10
Sun H.,1,10
Akgerman A.,1,9
Ali W.,1,9
Alshater M.M.,1,9
Bouasabah M.,1,9
Cho A.,1,9
El Khoury R.,1,9
Feng Z.,1,9
Hamza Z.S.,1,9
Hanif W.,1,9
Harrison D.M.,1,9
Mattarocci G.,1,9
Mensi W.,1,9
Rotimi J.O.B.,1,9
Samarasinghe D.A.S.,1,9
Scimone X.,1,9
Wilkinson S.,1,9
Wofford L.E.,1,9
Yang L.,1,9
Ahmed A.A.,1,8
Ansari A.,1,8
Aranha E.A.,1,8
Argelich Comelles C.,1,8
Bhanushali V.,1,8
Carvalho S.,1,8
Da Silva A.M.,1,8
Dragomir V.D.,1,8
Fahad A.M.,1,8
Guimarães P.P.G.,1,8
Gupta A.K.,1,8
Kahar M.N.M.,1,8
Nikte A.,1,8
Oza V.J.,1,8
Radu O.-M.,1,8
Rote U.,1,8
Rutschman A.S.,1,8
Singh V.V.,1,8
Sinisterra R.D.,1,8
Speziali M.G.,1,8
Daftary D.,1,7
Doan T.T.N.,1,7
Grechanyuk I.N.,1,7
Grechanyuk N.I.,1,7
Herman M.A.,1,7
Ho N.,1,7
Huynh D.T.,1,7
Huynh S.T.,1,7
Le A.T.-H.,1,7
Mandolikar S.,1,7
Mete M.O.,1,7
Minakova R.V.,1,7
Mäntymäki M.,1,7
Nguyen A.T.,1,7
Nguyen B.T.,1,7
Nguyen T.T.,1,7
Osokin V.A.,1,7
Pande S.S.,1,7
Richardson D.,1,7
Salmela H.,1,7
Shitole S.,1,7
Tran A.M.,1,7
Tran K.Q.,1,7
Turunen M.,1,7
Alba-Carmichael M.,1,6
Anderson J.T.,1,6
Arya V.,1,6
Budov V.V.,1,6
Chaisawadi S.,1,6
Cummings A.S.,1,6
Deerasamee O.,1,6
Egorova L.S.,1,6
Fuerst F.,1,6
Jolivet V.,1,6
Kovalova E.,1,6
Krivets A.S.,1,6
Lee J.,1,6
Lee K.O.,1,6
Maksakova O.V.,1,6
Naganathahalli P.,1,6
O'Connor R.,1,6
Peiser R.B.,1,6
Plotnikov S.V.,1,6
Pogrebnjak A.D.,1,6
Shaimardanov Zh.K.,1,6
Shukla S.,1,6
Syrnev B.V.,1,6
Temby O.,1,6
Vartiak L.,1,6
Al-Seedi L.A.E.,1,5
Al-Tameemi H.A.,1,5
Chimhundu R.,1,5
Crosby Donald G.,1,5
Deipenbrock G.,1,5
Ding H.,1,5
Fleming J.,1,5
Gao J.-Q.,1,5
Habeeb M.A.,1,5
Hassan R.,1,5
Khaleel Y.L.,1,5
Lock O.,1,5
Malviya R.,1,5
Miao L.-D.,1,5
Mihna F.K.H.,1,5
Mohammed D.A.,1,5
Pettit C.,1,5
Prakash A.,1,5
Przhedetsky L.,1,5
Pérez-Calvo M.,1,5
Rabby F.,1,5
Rousseau W.,1,5
Sallal H.A.,1,5
Shareef J.,1,5
Soundararaj B.,1,5
Spakhov A.A.,1,5
Sridhar S.B.,1,5
Talath S.,1,5
Wali A.F.,1,5
Wang G.-D.,1,5
White T.,1,5
Wu J.-F.,1,5
Ylänen H.,1,5
Zebregs M.,1,5
van Driel C.,1,5
Abbas M.A.,1,4
Adediran A.O.,1,4
Ajayi S.,1,4
Ajibade S.M.,1,4
Cai H.-N.,1,4
Celani A.,1,4
Cheng X.-W.,1,4
Croissant J.L.,1,4
Doherty P.,1,4
Duziak D.,1,4
Elia G.,1,4
Fan Q.-B.,1,4
Guo J.,1,4
Guo Q.-W.,1,4
Hasizah A.,1,4
Kim H.,1,4
Lee M.,1,4
Migozzi J.,1,4
Mochtar A.A.,1,4
Mohd Aini A.,1,4
Mohd Arif N.A.,1,4
Mohd Yusof N.S.,1,4
Narendrakumar C.,1,4
Natva A.K.,1,4
Pai R.R.,1,4
Parmentola A.,1,4
Passiante G.,1,4
Pradeep M.,1,4
Rajeswaran N.,1,4
Reta,1,4
Rhoades G.,1,4
Salengke S.,1,4
Samrajlawrence T.,1,4
Simoni M.,1,4
Slaughter S.,1,4
Solazzo G.,1,4
Sunkara S.,1,4
Sunmoni A.,1,4
Tutore I.,1,4
Wan Rodi W.N.,1,4
Wang F.-C.,1,4
Wang S.-C.,1,4
Ahmadian Divkoti M.M.,1,3
Bagby J.W.,1,3
Banaitiene N.,1,3
Banaitis A.,1,3
Bangura M.,1,3
Blomkvist P.,1,3
Bruno A.,1,3
Budda A.,1,3
Cano R.J.,1,3
Cataldo I.,1,3
Clayton J.,1,3
Comelles C.A.,1,3
Czabaj M.,1,3
Danish D.S.,1,3
Deepa B.G.,1,3
Dmitriev S.S.,1,3
Dudkin M.S.,1,3
Ekman P.,1,3
Epstein K.,1,3
Eskandarpour P.,1,3
Fabozzi F.J.,1,3
Ferreira P.H.,1,3
Ghaffari R.,1,3
Giliberto S.M.,1,3
Golzar F.,1,3
Gomes N.D.,1,3
Gordon J.N.,1,3
Göppinger S.,1,3
Halder G.,1,3
Huo Y.,1,3
Jensen B.D.,1,3
Karmakar B.,1,3
Karpouzoglou T.,1,3
Katz Manfred,1,3
Kim J.-W.,1,3
Kirshina N.V.,1,3
Korolev I.S.,1,3
Lai C.P.,1,3
Lazović T.,1,3
Li M.,1,3
Liang Y.,1,3
Ljubojević P.,1,3
Louzada F.,1,3
Luque J.,1,3
Mackinnon G.,1,3
Manahov V.,1,3
Mansour A.,1,3
Marcato G.,1,3
Martin V.,1,3
Morales-Alonso G.,1,3
Newman K.,1,3
Nilsson D.,1,3
Ong S.E.,1,3
Oyedokun T.B.,1,3
Panteleenko F.I.,1,3
Panzini M.I.,1,3
Ploythanachai P.,1,3
Raggio R.D.,1,3
Ratcliffe J.G.,1,3
Raya A.M.,1,3
Reut O.P.,1,3
Roman O.V.,1,3
Sauti G.,1,3
Seniwong P.,1,3
Senthil S.,1,3
Shatan N.,1,3
Shchelkunov L.F.,1,3
Shmuradko V.T.,1,3
Shu G.,1,3
Siochi E.J.,1,3
Soukhteh Kolaee A.S.,1,3
Taeshapotiwarakun C.,1,3
Tananpang C.,1,3
Thompson S.,1,3
Tian H.,1,3
Tochaiwat K.,1,3
Tripathi K.,1,3
Trišović N.,1,3
Trišović Z.,1,3
Venker M.,1,3
Venker N.T.,1,3
Wallin J.,1,3
Wincheski R.A.,1,3
Wise K.E.,1,3
Wong W.C.,1,3
Yu G.,1,3
Zaiba S.,1,3
Zhao M.,1,3
Zhilevich A.V.,1,3
de Lacerda K.J.C.C.,1,3
de la Cal A.S.,1,3
Adegoriola M.I.,1,2
Agrawal R.,1,2
Altankhuyag A.,1,2
Arfandi A.,1,2
Asif H.M.,1,2
Bird M.G.,1,2
Bo C.,1,2
Boge K.,1,2
Dacalaño N.B.,1,2
Dhore M.,1,2
Dimova-Malinovska D.,1,2
Eden H.,1,2
Elansary A.,1,2
Elgezeery A.,1,2
Esguerra C.J.M.,1,2
Fehrmann R.,1,2
Feth M.,1,2
Furia P.,1,2
Gesheva K.A.,1,2
Ghalandar T.,1,2
Gledson B.,1,2
Gonge S.,1,2
Gotsill D.,1,2
Hackworth P.,1,2
Harth C.,1,2
He D.,1,2
Hensse J.,1,2
Hu L.,1,2
Hussain S.,1,2
Ichsan Ali M.,1,2
Jia P.,1,2
Joshi R.,1,2
Katiyar J.K.,1,2
Kausar F.,1,2
Khandare A.,1,2
Knuth S.,1,2
Kotecha K.,1,2
Krygina A.M.,1,2
Krygina N.M.,1,2
Kumar A.,1,2
Lee P.-C.,1,2
Liu P.-J.,1,2
Lopa A.T.,1,2
MERIGOLD P.A.,1,2
Mahmoudi D.,1,2
Maqbool R.,1,2
Marshall J.M.,1,2
Maud J.M.,1,2
Miftah Fauzan M.,1,2
Mills D.J.,1,2
Mumtaz S.,1,2
Müller V.,1,2
Nishiyama H.,1,2
Orlandini G.,1,2
Patel S.,1,2
Patil T.,1,2
Payne W.,1,2
Potestades R.A.P.,1,2
Samonte M.J.C.,1,2
Santini C.,1,2
Sato G.,1,2
Shah S.,1,2
Shalaby M.,1,2
Shukla J.,1,2
Thacker R.,1,2
Thayer A.M.,1,2
Tiwari P.,1,2
Yu X.,1,2
Zhang D.,1,2
Zhou J.,1,2
Zhou Y.,1,2
Asami Y.,1,1
Baltazar L.F.,1,1
Bonaldo G.G.,1,1
Bouchareb N.,1,1
Brown C.G.,1,1
Béchaux S.,1,1
Chandra S.,1,1
Che T.,1,1
Cheruiyot K.,1,1
Ciaramella A.,1,1
Cowan T.,1,1
Croccolo D.,1,1
Dinesh M.,1,1
Doffman N.,1,1
Duque‐calvache R.,1,1
Ehlinger-Martin A.,1,1
Elrashidi A.,1,1
Fan S.,1,1
Fellenz S.,1,1
Ferreira F.D.,1,1
Fithri P.,1,1
Fox O’Mahony L.,1,1
Gamede L.,1,1
Games D.,1,1
Giannoni C.,1,1
Gillespie C.,1,1
Hasan A.,1,1
Hinson C.,1,1
Huang F.,1,1
Huang J.,1,1
Janda B.W.,1,1
Kang J.,1,1
Karthick C.,1,1
Kirby N.,1,1
Latif S.N.F.A.,1,1
Lei H.,1,1
Li Z.,1,1
Lo M.Y.,1,1
Lyu Q.,1,1
Mancuso P.,1,1
Manogna D.,1,1
Mesa‐pedrazas Á.,1,1
Moore A.,1,1
Muckenhaupt J.,1,1
Nawawi A.H.,1,1
Nogueira P.F.,1,1
Ocampo J.,1,1
Ouyang Z.,1,1
Palomares‐linares I.,1,1
Purushotham S.,1,1
Roark M.L.,1,1
Rothenbusch J.,1,1
Rushing F.W.,1,1
Schütz K.,1,1
Skazlić M.,1,1
Stratonova L.,1,1
Stucki P.,1,1
Suen A.,1,1
Syafrizal S.,1,1
Syed A.M.,1,1
Tomičić I.,1,1
Torovets T.,1,1
Torrado J.M.,1,1
Veuger J.,1,1
Vilha A.M.,1,1
Wahab M.A.,1,1
Xia Y.,1,1
"Xu Y., Sr.",1,1
Yiu K.M.,1,1
Zekri M.,1,1
Zhang W.,1,1
Zhu S.,1,1
Zhu Z.,1,1
Zou Z.,1,1
da Silva T.F.,1,1
de Medeiros D.M.R.,1,1
Abdul Rahim Merican R.M.B.,1,0
Adejumo A.O.,1,0
Adeosun J.O.,1,0
Adibian M.S.,1,0
Adiga S.,1,0
Adrov O.I.,1,0
Aitelkadi K.,1,0
Akande O.K.,1,0
Al-haimi B.,1,0
Albnian A.A.,1,0
Alhafnawi M.F.A.,1,0
Alyassi A.M.A.A.,1,0
Amoozegar A.,1,0
Anon,1,0
Appukuttan S.,1,0
Araya-Zúñiga I.,1,0
Arreortua L.A.S.,1,0
Aseev V.A.,1,0
Atalla S.,1,0
Ayodele T.O.,1,0
Azman W.F.A.C.,1,0
Azzamouri A.,1,0
BIELY W.A.,1,0
Baffour Awuah K.G.,1,0
Barlow J.,1,0
Barrero-Rescalvo M.,1,0
Basrah N.,1,0
Baxi S.,1,0
Belguidoum M.,1,0
Benduch D.,1,0
Bian F.,1,0
Bijimi C.K.,1,0
Blakey P.,1,0
Boyd S.,1,0
Bozkuş Kahyaoğlu S.,1,0
Brown S.,1,0
Bukar A.A.,1,0
Bulguchev M.,1,0
Calderón-Ferrey M.,1,0
Camelia L.,1,0
Cao W.,1,0
Castelein J.,1,0
Castro-Silva H.F.,1,0
Chandrate S.,1,0
Cho Y.,1,0
Choi M.,1,0
Christofi M.,1,0
Clemmensen T.,1,0
Coaracy G.R.,1,0
Cocola-Gant A.,1,0
Cohen V.,1,0
Cordero-Díaz M.C.,1,0
Dagani R.,1,0
Dalal Y.M.,1,0
Dan T.,1,0
Davies I.,1,0
Daykin C.W.,1,0
Deepak R.,1,0
Deilmann C.,1,0
Deng H.,1,0
Desai B.,1,0
Dharkar S.,1,0
Dimmock J.,1,0
Drewczynski W.,1,0
Duan B.,1,0
Duong T.K.,1,0
Ebbert A.,1,0
Ehart J.,1,0
Ehrenberg M.,1,0
Fornies S.,1,0
Fripiat J.J.,1,0
Fuling B.,1,0
Gawanmeh A.,1,0
Gong S.,1,0
González J.A.,1,0
González R.,1,0
Goudie I.S.,1,0
Granholm S.,1,0
Grzebinoga J.,1,0
Gu J.,1,0
Guendour M.,1,0
Hajji H.,1,0
Hamid M.Y.,1,0
Hamid R.,1,0
Hammervold R.,1,0
Hansen C.E.D.,1,0
Harris R.S.,1,0
Hasbolah H.,1,0
Hauser S.,1,0
Hemalatha K.G.,1,0
Herbæk L.K.,1,0
Heron G.F.,1,0
Horia-Dan A.,1,0
Hric J.,1,0
Hsu M.-F.,1,0
Hu M.R.,1,0
Hua Z.,1,0
Huamin W.,1,0
Huang C.-T.,1,0
Hugget R.,1,0
Hughes J.,1,0
Huh J.-H.,1,0
Husain M.F.H.,1,0
Jack M.,1,0
Jagtap S.,1,0
Jagun Z.T.,1,0
Jamaludin A.F.,1,0
Janoschka M.,1,0
Jarosz M.,1,0
Jayan J.S.,1,0
Jia X.,1,0
Jiang X.-W.,1,0
Jiménez G.,1,0
Joo M.-J.,1,0
KUPCZINOW B.I.,1,0
Kabba O.,1,0
Kakde V.,1,0
Kanawka K.,1,0
Kapse M.,1,0
Kaschell P.,1,0
Katsumata G.,1,0
Kaur V.,1,0
Kazarov S.A.,1,0
Keerthana P.,1,0
Kesan J.,1,0
Khalid H.,1,0
Khansalar E.,1,0
Kiaulakis A.,1,0
Kiesiewicz G.,1,0
Kim J.H.,1,0
Kim T.G.,1,0
Klosterkamp S.,1,0
Ko H.-J.,1,0
Kolmakov A.G.,1,0
Kordaszewski S.,1,0
Korologos C.,1,0
Korybut-Kotulewski A.,1,0
Kowal R.,1,0
Krasnyi A.B.,1,0
Krasnyi B.L.,1,0
Kuang W.,1,0
Kumar B.R.,1,0
Kvarme T.W.,1,0
Kwaśniewski P.,1,0
Kwon Y.,1,0
Lajuni N.,1,0
Lambrinos T.,1,0
Lauterbach-Dammler I.,1,0
Lavy S.,1,0
Laxane T.,1,0
Le N.-B.-V.,1,0
Lefrank P.,1,0
Leguefche A.E.,1,0
Leonowicz W.,1,0
Lesniewski P.J.,1,0
Levi O.,1,0
Li L.,1,0
Li W.,1,0
Lin Y.,1,0
Litmanovich A.D.,1,0
Liu S.,1,0
Liu X.W.,1,0
Liu Y.,1,0
Lord W.,1,0
Luna S.M.,1,0
Lupsa S.-R.,1,0
MICHNIEWICZ A.S.,1,0
Makhlouf Y.,1,0
Makinde O.,1,0
Malaekeh S.,1,0
Mamala A.,1,0
Mascia L.,1,0
McKay J.,1,0
Mercier J.P.,1,0
Mestrovic D.,1,0
Mickiewicz M.,1,0
Miculinic L.,1,0
Mikhailov N.N.,1,0
Mohanty S.S.,1,0
Monge-Ureña S.,1,0
Motohashi E.,1,0
Muhammad M.Z.,1,0
Mui Ling Dyana C.,1,0
Mulholland C.,1,0
Murray S.,1,0
NIEWIEROW A.S.,1,0
Nazrin A.H.,1,0
Nehete P.,1,0
Nejad E.,1,0
Nguyen B.M.A.,1,0
Nguyen T.L.,1,0
Nikonorov N.V.,1,0
Nowak A.,1,0
Núñez-Barriopedro E.,1,0
Ogbonda U.J.,1,0
Oparina I.B.,1,0
Ou W.,1,0
Ouchlif A.,1,0
Oust A.,1,0
PINCZUK L.S.,1,0
Papangelis K.,1,0
Parks F.J.,1,0
Patani N.,1,0
Pathak S.,1,0
Phelps C.,1,0
Pinsky E.,1,0
Qi X.W.,1,0
Raab M.,1,0
Rahim N.A.,1,0
Rahman M.S.A.,1,0
Raju V.,1,0
Ramírez-Orellana A.,1,0
Razali M.N.,1,0
Ribičić M.,1,0
Rodríguez-Cañas G.A.,1,0
Ryu G.,1,0
Salami M.A.,1,0
Salehi M.,1,0
Samsudin S.,1,0
Samuel F.,1,0
Sasani Babak S.,1,0
Schwochow S.,1,0
Seethanathan I.,1,0
Seriai A.-D.,1,0
Setchkova M.,1,0
Sethulekshmi A.S.,1,0
Sevgen S.C.,1,0
Sevilla F.,1,0
Shen Y.Z.,1,0
Shi Y.,1,0
Shim H.C.,1,0
Shiva Kumar V.,1,0
Sivie N.,1,0
Smith S.J.,1,0
St-Hilaire C.,1,0
Stefansen B.,1,0
Sudheendranath C.S.,1,0
Suhasini N.,1,0
Suki N.M.,1,0
Sun S.,1,0
Sun X.,1,0
Sunguroğlu E.,1,0
Sønstebø O.J.,1,0
TSCHENTKE G,1,0
Talbi M.A.,1,0
Tanrıvermiş H.,1,0
Tanrıvermiş Y.,1,0
Tapia J.,1,0
Tarapiah S.,1,0
Tarasovskii V.P.,1,0
Then D.,1,0
Tigwell G.W.,1,0
Tran H.C.,1,0
Tupikova N.N.,1,0
Udpa S.,1,0
Valverde A.,1,0
Van Huy P.,1,0
Vanetta A.,1,0
Venkatagiri J.,1,0
Vifor R.O.J.,1,0
Vilutienė T.,1,0
Wad A.,1,0
Wahab D.A.,1,0
Walter Alexander,1,0
Wang G.-Y.,1,0
Wang H.,1,0
Wang Z.,1,0
Watkins N.,1,0
Weber R.,1,0
Wei H.,1,0
Wei T.X.,1,0
Wen F.,1,0
Wen H.,1,0
Wood G.A.,1,0
Wrottesley A.,1,0
Wu M.,1,0
Xing H.F.,1,0
Xu J.,1,0
Yang C.,1,0
Yao P.,1,0
Yassin A.M.,1,0
Ye Y.,1,0
Yusupova M.,1,0
Zainal Abidin N.N.,1,0
Zakaria N.,1,0
Zakaria N.H.,1,0
Zakaria S.R.A.,1,0
Zapata L.,1,0
Zasadzińska M.,1,0
Zhang C.,1,0
Zhao L.L.,1,0
Zhu R.,1,0
de la Faille M.,1,0
van Meerbeck A.,1,0
van Russelt M.,1,0
Ülger M.,1,0
Ściȩzor W.,1,0
