country,num_documents,global_citations
United States,75,1112
United Kingdom,39,649
China,36,453
Australia,31,825
India,27,817
Germany,18,490
Italy,18,182
Spain,16,145
Malaysia,15,53
South Korea,13,61
Russia,13,34
United Arab Emirates,10,87
Canada,8,149
Finland,7,135
Sweden,7,134
France,7,34
Netherlands,6,40
Indonesia,6,33
Brazil,6,31
Portugal,5,115
Thailand,5,61
Japan,5,16
Poland,5,10
Singapore,4,121
Iran,4,72
New Zealand,4,68
Egypt,4,56
Norway,4,26
Jordan,4,23
Morocco,4,18
South Africa,4,7
Turkey,4,7
Taiwan,3,17
Hong Kong,3,10
Vietnam,3,7
Saudi Arabia,3,5
Hungary,2,73
Belarus,2,60
Pakistan,2,46
Mexico,2,40
Colombia,2,24
Slovakia,2,22
Tunisia,2,22
Iraq,2,14
Oman,2,11
Romania,2,8
Lithuania,2,3
Denmark,2,2
Algeria,2,1
Croatia,2,1
Nigeria,2,0
Cyprus,1,148
North Macedonia,1,57
Belgium,1,45
Greece,1,45
Ireland,1,44
Austria,1,22
Israel,1,17
Lebanon,1,9
Kazakhstan,1,6
Ukraine,1,6
Serbia,1,3
Bulgaria,1,2
Philippines,1,2
Bahrain,1,1
Costa Rica,1,0
Palestine,1,0
Slovenia,1,0
