,United States,United Kingdom,China,Australia,India,Germany,Italy,Spain,Malaysia,South Korea,Russia,United Arab Emirates,Canada,Finland,Sweden,France,Netherlands,Indonesia,Brazil,Portugal
United States,75,8,2,4,2,0,1,0,0,2,0,2,1,1,1,2,1,0,0,0
United Kingdom,8,39,2,3,1,1,0,1,1,0,0,1,1,0,0,0,2,0,0,0
China,2,2,36,2,0,0,0,0,0,0,0,0,0,0,0,0,0,0,0,0
Australia,4,3,2,31,0,0,0,0,1,0,0,0,0,0,0,0,0,0,0,0
India,2,1,0,0,27,0,1,0,0,0,0,1,1,0,0,0,0,0,0,0
Germany,0,1,0,0,0,18,0,1,1,0,0,0,0,0,0,0,0,0,0,0
Italy,1,0,0,0,1,0,18,1,0,0,0,0,0,0,1,0,1,0,0,0
Spain,0,1,0,0,0,1,1,16,0,0,0,0,0,1,0,1,0,0,0,2
Malaysia,0,1,0,1,0,1,0,0,15,0,0,0,0,0,0,0,0,0,0,0
South Korea,2,0,0,0,0,0,0,0,0,13,0,0,0,0,0,0,0,0,0,0
Russia,0,0,0,0,0,0,0,0,0,0,13,0,0,0,0,0,0,0,0,0
United Arab Emirates,2,1,0,0,1,0,0,0,0,0,0,10,1,0,0,2,0,0,0,0
Canada,1,1,0,0,1,0,0,0,0,0,0,1,8,0,1,1,0,0,0,0
Finland,1,0,0,0,0,0,0,1,0,0,0,0,0,7,0,1,0,0,0,1
Sweden,1,0,0,0,0,0,1,0,0,0,0,0,1,0,7,0,0,0,0,0
France,2,0,0,0,0,0,0,1,0,0,0,2,1,1,0,7,0,0,0,1
Netherlands,1,2,0,0,0,0,1,0,0,0,0,0,0,0,0,0,6,0,0,0
Indonesia,0,0,0,0,0,0,0,0,0,0,0,0,0,0,0,0,0,6,0,0
Brazil,0,0,0,0,0,0,0,0,0,0,0,0,0,0,0,0,0,0,6,0
Portugal,0,0,0,0,0,0,0,2,0,0,0,0,0,1,0,1,0,0,0,5
