,proptech,real estate,blockchain,artificial intelligence,machine learning,technology,housing,fintech,digitalization,innovation,digital transformation,real estate technology,metaverse,property technology,technology transfer,intellectual property,smart contracts,big data,technology adoption,financialization,property,malaysia,platforms,digitization,commercial real estate,smart real estate,algorithms,digital real estate,sustainability,venture capital,property management,automation,real estate innovation,australia,open innovation,covid-19,bibliometric analysis,internet of things,real estate technologies,smart cities
proptech,84,11,5,7,5,4,8,9,7,4,2,4,1,1,0,0,0,5,3,2,1,0,2,2,3,0,2,0,2,3,2,1,3,3,0,2,0,2,1,0
real estate,11,27,4,3,1,3,1,1,4,1,2,1,2,2,0,0,1,1,2,1,0,1,1,0,1,0,0,0,0,2,0,0,1,0,0,0,2,0,0,0
blockchain,5,4,18,2,1,1,0,0,2,0,0,1,4,1,0,0,6,0,0,0,0,0,0,0,1,0,0,1,0,0,0,0,0,0,0,0,0,0,0,1
artificial intelligence,7,3,2,17,5,2,0,1,1,1,1,1,2,1,0,0,1,1,0,0,0,0,1,0,0,0,2,0,0,0,1,0,0,0,0,0,1,1,0,0
machine learning,5,1,1,5,14,1,0,2,0,0,0,0,1,0,0,0,1,0,0,0,0,0,0,1,0,0,0,0,0,0,0,0,0,0,0,0,1,0,0,0
technology,4,3,1,2,1,13,1,0,1,1,0,0,2,0,0,1,0,0,0,0,4,0,0,0,0,0,0,0,0,0,0,1,1,1,0,0,0,1,0,0
housing,8,1,0,0,0,1,13,2,0,0,0,0,0,0,0,0,0,0,0,1,1,0,0,0,0,0,1,0,0,1,0,1,0,0,0,0,0,0,0,0
fintech,9,1,0,1,2,0,2,12,0,1,0,1,0,0,0,0,0,1,1,1,1,0,0,0,0,0,0,0,0,1,1,0,0,0,0,0,0,0,0,0
digitalization,7,4,2,1,0,1,0,0,11,1,0,0,1,1,0,0,0,0,0,0,0,0,0,0,0,0,0,0,1,0,1,0,0,0,0,0,0,0,0,0
innovation,4,1,0,1,0,1,0,1,1,11,1,0,0,1,2,1,0,0,0,0,1,1,0,0,0,0,0,0,1,0,0,0,0,0,0,0,0,1,0,0
digital transformation,2,2,0,1,0,0,0,0,0,1,11,2,0,1,0,1,0,1,0,0,0,2,0,0,0,1,0,0,0,0,0,0,0,0,0,0,1,2,0,1
real estate technology,4,1,1,1,0,0,0,1,0,0,2,10,0,1,0,0,1,2,0,0,1,0,0,0,1,0,0,0,0,1,0,0,2,0,0,0,0,1,0,0
metaverse,1,2,4,2,1,2,0,0,1,0,0,0,7,0,0,0,1,0,0,0,0,1,0,0,0,0,0,2,0,0,0,0,0,0,0,0,0,0,0,0
property technology,1,2,1,1,0,0,0,0,1,1,1,1,0,7,0,1,1,0,0,0,0,0,0,0,0,0,1,0,0,0,0,0,1,0,0,0,0,1,0,1
technology transfer,0,0,0,0,0,0,0,0,0,2,0,0,0,0,7,5,0,0,0,0,0,0,0,0,0,0,0,0,0,0,0,0,0,0,2,0,1,0,0,0
intellectual property,0,0,0,0,0,1,0,0,0,1,1,0,0,1,5,7,0,0,0,0,0,0,0,0,0,0,0,0,0,0,0,1,0,0,2,0,1,1,0,1
smart contracts,0,1,6,1,1,0,0,0,0,0,0,1,1,1,0,0,6,0,0,0,0,0,0,0,0,0,0,0,0,0,0,0,0,0,0,0,0,0,0,1
big data,5,1,0,1,0,0,0,1,0,0,1,2,0,0,0,0,0,6,0,0,0,0,0,0,1,0,0,0,0,1,0,0,1,0,0,0,0,1,1,0
technology adoption,3,2,0,0,0,0,0,1,0,0,0,0,0,0,0,0,0,0,5,0,0,0,0,0,0,1,0,0,0,0,0,0,0,0,0,0,0,0,1,0
financialization,2,1,0,0,0,0,1,1,0,0,0,0,0,0,0,0,0,0,0,5,0,0,1,1,0,0,0,0,0,0,0,0,0,0,0,0,0,0,0,0
property,1,0,0,0,0,4,1,1,0,1,0,1,0,0,0,0,0,0,0,0,5,0,0,0,0,0,0,0,0,0,0,0,0,0,0,0,0,1,0,0
malaysia,0,1,0,0,0,0,0,0,0,1,2,0,1,0,0,0,0,0,0,0,0,5,0,0,0,0,0,0,0,0,0,0,0,0,0,0,0,0,0,0
platforms,2,1,0,1,0,0,0,0,0,0,0,0,0,0,0,0,0,0,0,1,0,0,4,2,0,0,1,0,0,0,0,0,0,0,0,0,0,0,0,0
digitization,2,0,0,0,1,0,0,0,0,0,0,0,0,0,0,0,0,0,0,1,0,0,2,4,0,0,0,0,0,0,0,0,0,0,0,0,0,0,0,0
commercial real estate,3,1,1,0,0,0,0,0,0,0,0,1,0,0,0,0,0,1,0,0,0,0,0,0,4,0,0,0,0,1,0,1,1,0,0,0,0,0,0,0
smart real estate,0,0,0,0,0,0,0,0,0,0,1,0,0,0,0,0,0,0,1,0,0,0,0,0,0,4,0,0,0,0,0,0,0,0,0,0,1,0,0,0
algorithms,2,0,0,2,0,0,1,0,0,0,0,0,0,1,0,0,0,0,0,0,0,0,1,0,0,0,4,0,0,0,0,1,0,0,0,0,0,0,0,0
digital real estate,0,0,1,0,0,0,0,0,0,0,0,0,2,0,0,0,0,0,0,0,0,0,0,0,0,0,0,4,0,0,0,0,0,0,0,0,0,0,0,0
sustainability,2,0,0,0,0,0,0,0,1,1,0,0,0,0,0,0,0,0,0,0,0,0,0,0,0,0,0,0,4,0,0,0,0,0,0,0,0,0,0,0
venture capital,3,2,0,0,0,0,1,1,0,0,0,1,0,0,0,0,0,1,0,0,0,0,0,0,1,0,0,0,0,4,0,0,1,0,0,0,0,0,0,0
property management,2,0,0,1,0,0,0,1,1,0,0,0,0,0,0,0,0,0,0,0,0,0,0,0,0,0,0,0,0,0,4,1,0,0,0,0,0,0,0,0
automation,1,0,0,0,0,1,1,0,0,0,0,0,0,0,0,1,0,0,0,0,0,0,0,0,1,0,1,0,0,0,1,4,0,0,0,0,0,0,0,0
real estate innovation,3,1,0,0,0,1,0,0,0,0,0,2,0,1,0,0,0,1,0,0,0,0,0,0,1,0,0,0,0,1,0,0,4,0,0,0,0,0,0,0
australia,3,0,0,0,0,1,0,0,0,0,0,0,0,0,0,0,0,0,0,0,0,0,0,0,0,0,0,0,0,0,0,0,0,4,0,0,0,0,0,0
open innovation,0,0,0,0,0,0,0,0,0,0,0,0,0,0,2,2,0,0,0,0,0,0,0,0,0,0,0,0,0,0,0,0,0,0,4,0,1,0,0,0
covid-19,2,0,0,0,0,0,0,0,0,0,0,0,0,0,0,0,0,0,0,0,0,0,0,0,0,0,0,0,0,0,0,0,0,0,0,4,0,0,0,0
bibliometric analysis,0,2,0,1,1,0,0,0,0,0,1,0,0,0,1,1,0,0,0,0,0,0,0,0,0,1,0,0,0,0,0,0,0,0,1,0,4,0,0,0
internet of things,2,0,0,1,0,1,0,0,0,1,2,1,0,1,0,1,0,1,0,0,1,0,0,0,0,0,0,0,0,0,0,0,0,0,0,0,0,4,0,1
real estate technologies,1,0,0,0,0,0,0,0,0,0,0,0,0,0,0,0,0,1,1,0,0,0,0,0,0,0,0,0,0,0,0,0,0,0,0,0,0,0,3,0
smart cities,0,0,1,0,0,0,0,0,0,0,1,0,0,1,0,1,1,0,0,0,0,0,0,0,0,0,0,0,0,0,0,0,0,0,0,0,0,1,0,3
