source_title,num_documents,global_citations
Journal of Property Investment and Finance,9,277
Sustainability (Switzerland),8,363
Corporate Real Estate Journal,8,1
Journal of European Real Estate Research,7,38
IOP Conference Series: Earth and Environmental Science,6,33
Property Management,6,32
AIP Conference Proceedings,6,3
Buildings,5,37
Digital Geography and Society,4,28
Springer Proceedings in Business and Economics,4,0
Urban Geography,3,157
Geoforum,3,82
American Journal of Public Health,3,39
Lecture Notes in Computer Science (including subseries Lecture Notes in Artificial Intelligence and Lecture Notes in Bioinformatics),3,22
"Intellectual Property Rights in Science, Technology, and Economic Performance: International Comparisons",3,11
Lecture Notes in Electrical Engineering,3,1
Management for Professionals,3,0
Nature Biotechnology,2,46
Facilities,2,44
Journal of Portfolio Management,2,42
City,2,34
Environment and Planning D: Society and Space,2,28
Journal of Real Estate Finance and Economics,2,28
Urban Book Series,2,27
Urban Studies,2,27
ACM International Conference Proceeding Series,2,25
Smart and Sustainable Built Environment,2,15
Zhidkie Kristally i Ikh Prakticheskoe Ispol'zovanie,2,11
Journal of Real Estate Research,2,6
Korean Journal of Construction Engineering and Management,2,4
Microsystem Technologies,2,4
Refractories and Industrial Ceramics,2,4
Chemical and Engineering News,2,2
Journal of Risk and Financial Management,2,2
Lecture Notes in Networks and Systems,2,2
Journal of Green Engineering,2,1
Ogneupory i Tekhnicheskaya Keramika,2,1
Transactions of the Institute of British Geographers,2,1
Lecture Notes in Computer Science,2,0
"Proceedings of the International Astronautical Congress, IAC",2,0
Journal of Food Science and Technology,1,468
Journal of Physics D: Applied Physics,1,379
Micromachines,1,203
"Housing, Theory and Society",1,153
Neural Computing and Applications,1,148
Social Media and Society,1,131
International Journal of Information Management,1,112
Comprehensive Reviews in Food Science and Food Safety,1,97
Plant Biotechnology Journal,1,79
Journal of Controlled Release,1,75
Poetics,1,71
"Engineering Science and Technology, an International Journal",1,69
Energy and Fuels,1,58
IOP Conference Series: Materials Science and Engineering,1,57
Telematics and Informatics,1,52
Finance Research Letters,1,49
Environment and Planning A,1,46
Fibers,1,45
Planning Theory and Practice,1,44
Housing Studies,1,42
Trends in Food Science and Technology,1,40
Exploring the Use of Metaverse in Business and Education,1,39
Issues in Environmental Science and Technology,1,38
Journal of Chemical and Engineering Data,1,37
Smart Construction and Sustainable Cities,1,37
World Journal of Microbiology and Biotechnology,1,37
Environmental Science and Pollution Research,1,36
GM crops & food,1,33
Laws,1,33
Journal of Corporate Real Estate,1,32
Journal of Marketing Theory and Practice,1,30
Nongye Gongcheng Xuebao/Transactions of the Chinese Society of Agricultural Engineering,1,28
"Bioactive Glasses: Materials, Properties and Applications",1,26
IEEE Internet of Things Magazine,1,24
Journal of Food Composition and Analysis,1,24
"Opuntia spp.: Chemistry, Bioactivity and Industrial Applications",1,23
Journal of Sustainable Real Estate,1,20
"Printed Films: Materials Science and Applications in Sensors, Electronics and Photonics",1,17
Computer Aided Chemical Engineering,1,16
Environmental Reviews,1,16
Geosystem Engineering,1,16
"Intellectual property, technology transfer and genetic resources. An OECD survey of current practices and policies",1,16
International Journal of Molecular Sciences,1,15
Journal of Facilities Management,1,15
Journal of Physics: Conference Series,1,15
Open Agriculture Journal,1,15
Proceedings - Electronic Components and Technology Conference,1,15
PropTech and Real Estate Innovations: A Guide to Digital Technologies and Solutions in the Built Environment,1,15
Journal of Supercomputing,1,14
PLoS ONE,1,13
"Proceedings - 31st IEEE International Conference on Advanced Information Networking and Applications Workshops, WAINA 2017",1,13
Quality - Access to Success,1,13
Buildings and Cities,1,12
Business Informatics,1,11
Quality and Quantity,1,11
Telematics and Informatics Reports,1,11
Information Systems Research,1,10
Journal of Information Technology Research,1,10
ACS Symposium Series,1,9
Borsa Istanbul Review,1,9
Indian Journal of Forensic Medicine and Toxicology,1,9
Intellectual Property and Clean Energy: The Paris Agreement and Climate Justice,1,9
International Journal of Data Analysis Techniques and Strategies,1,9
The New Era of Real Estate: An Analysis of Business Models in the Proptech Industry,1,9
"4th International Conference on Innovative Practices in Technology and Management 2024, ICIPTM 2024",1,8
"7th International Conference on Inventive Computation Technologies, ICICT 2024",1,8
European Review of Private Law,1,8
"IEEE Region 10 Annual International Conference, Proceedings/TENCON",1,8
Journal of Technology Management and Innovation,1,8
Quimica Nova,1,8
Research handbook on climate change and trade law,1,8
Risks,1,8
"Vaccines as Technology: INNOVATION, BARRIERS, AND THE PUBLIC HEALTH",1,8
"2022 Optical Fiber Communications Conference and Exhibition, OFC 2022 - Proceedings",1,7
Community Development Journal,1,7
IBSSC 2022 - IEEE Bombay Section Signature Conference,1,7
IEEE Access,1,7
Intangible Capital,1,7
Opto-Electronics Review,1,7
Problemy Spetsial'noj Electrometallugii,1,7
Transactions in GIS,1,7
Acta Horticulturae,1,6
Advances in Intelligent Systems and Computing,1,6
California Law Review,1,6
Geliotekhnika,1,6
International Journal of Cuban Studies,1,6
International Journal of Economics and Financial Issues ,1,6
Journal of Big Data,1,6
Journal of Policy History,1,6
"Proceedings of the 6th International Conference Nanomaterials: Applications and Properties, NAP 2016",1,6
Sixties,1,6
Surveillance and Society,1,6
Big Data: A Road Map for Successful Digital Marketing,1,5
"Bioactive Glasses: Materials, Properties and Applications, Second Edition",1,5
Bioprinting,1,5
Computational Urban Science,1,5
European Business Law Review,1,5
Gases in Agro-food Processes,1,5
Information Communication and Society,1,5
International Journal of Energetic Materials and Chemical Propulsion,1,5
International Journal of Urban and Regional Research,1,5
Mesopotamian Journal of Big Data,1,5
Rethinking Real Estate: A Roadmap to Technology's Impact on the World's Largest Asset Class,1,5
SAGE Open,1,5
Yejin Fenxi/Metallurgical Analysis,1,5
Blockchain for Hospitality and Tourism: A Guide to the Future,1,4
Built Environment Journal,1,4
"Bulletin of Science, Technology and Society",1,4
Cailiao Gongcheng/Journal of Materials Engineering,1,4
Cuadernos de Economia,1,4
International Journal of Innovative Technology and Exploring Engineering,1,4
Journal of Knowledge Management,1,4
Management Decision,1,4
"Proceedings - 2025 IEEE International Conference on Compute, Control, Network and Photonics, ICCCNP 2025",1,4
Tijdschrift voor Economische en Sociale Geografie,1,4
Unlocking the Metaverse: A Strategic Guide for the Future of the Built Environment,1,4
Al-Qadisiyah Journal for Engineering Sciences,1,3
Augmented and Virtual Reality in Industry 5.0,1,3
"Biodiesel Production: Feedstocks, Catalysts, and Technologies",1,3
CAMX 2015 - Composites and Advanced Materials Expo,1,3
Energy Policy,1,3
High Polym,1,3
Human Technology,1,3
"IEEE 2nd International Smart Cities Conference: Improving the Citizens Quality of Life, ISC2 2016 - Proceedings",1,3
International Journal of Housing Markets and Analysis,1,3
International Journal of Professional Business Review,1,3
International Journal of Services and Operations Management,1,3
International Review of Financial Analysis,1,3
"Journal of Entrepreneurship, Management and Innovation",1,3
Journal of the Architectural Institute of Korea,1,3
"Proceedings of the 33rd International Business Information Management Association Conference, IBIMA 2019: Education Excellence and Innovation Management through Vision 2020",1,3
Real Estate Economics,1,3
"Revista de Internet, Derecho y Politica",1,3
Stats,1,3
Strategies and Policies in Digital Convergence,1,3
Structural Integrity and Life,1,3
"Thick Films: Properties, Technology and Applications",1,3
Tianjin Daxue Xuebao (Ziran Kexue yu Gongcheng Jishu Ban)/Journal of Tianjin University Science and Technology,1,3
Voprosy pitaniia,1,3
World Economy and International Relations,1,3
A Research Agenda for Real Estate,1,2
Advanced Analytics and Deep Learning Models,1,2
"Advanced Materials, Structures and Mechanical Engineering - Proceedings of the International Conference on Advanced Materials, Structures and Mechanical Engineering",1,2
Cryptography,1,2
Cypriot Journal of Educational Sciences,1,2
Electronic Library,1,2
Future of Business and Finance,1,2
Habitat International,1,2
"Handbook of Goldenberry (Physalis peruviana): Cultivation, Processing, Chemistry, and Functionality",1,2
"IAMOT 2016 - 25th International Association for Management of Technology Conference, Proceedings: Technology - Future Thinking",1,2
IET Conference Proceedings,1,2
"Ionic Liquids: Synthesis, Properties, Technologies and Applications",1,2
Journal of the Chinese Cereals and Oils Association,1,2
Kuste,1,2
Life Science Journal,1,2
"Micro- and Biofluidics: Structure, Properties, Technology and Spotlight into the Future",1,2
"Proceedings - 2015 6th International Conference on Intelligent Systems Design and Engineering Applications, ISDEA 2015",1,2
"Proceedings of the 18th ACM International Conference on PErvasive Technologies Related to Assistive Environments, PETRA 2025",1,2
Research and Innovation Policy: Changing Federal Government-University Relations,1,2
Solar Energy Materials and Solar Cells,1,2
The Australian Journal of Optometry,1,2
The Routledge Handbook of FinTech,1,2
"Adhesives: Mechanical Properties, Technologies and Economic Importance",1,1
Artificial Intelligence: Law and Regulation,1,1
Blockchain in Real Estate: Theoretical Advances and New Empirical Applications,1,1
Energies,1,1
Food and Bioprocess Technology,1,1
Gradevinar,1,1
International Journal of Entrepreneurship and Innovation Management,1,1
International Journal of Strategic Property Management,1,1
Journal of Consumer Policy,1,1
Journal of Geomatics,1,1
Journal of Real Estate Portfolio Management,1,1
New Frontiers in Regional Science: Asian Perspectives,1,1
Nouvelles Dermatologiques,1,1
Pacific Rim Property Research Journal,1,1
"Paper Conference and Trade Show, PaperCon 2014",1,1
"Proceedings - 2025 International Conference on Recent Innovation in Science Engineering and Technology, ICRISET 2025",1,1
PropTech Innovations in Real Estate Investment and Finance: Sustainable Futures,1,1
Revista Panamericana de Salud Publica/Pan American Journal of Public Health,1,1
Social Inclusion,1,1
The Future of Real Estate,1,1
Tourism and Hospitality Management,1,1
WSDM 2025 - Proceedings of the 18th ACM International Conference on Web Search and Data Mining,1,1
"19th International Scientific Conference: Wood is Good - Properties, Technology, Valorisation, Application, Proceedings",1,0
"2023 24th International Conference on Electronic Packaging Technology, ICEPT 2023",1,0
"2025 3rd DMIHER International Conference on Artificial Intelligence in Healthcare, Education and Industry, IDICAIHEI 2025",1,0
"2026 International Conference Laser Optics, ICLO 2026 - Proceedings",1,0
"3rd IEEE International Conference on Data Science and Network Security, ICDSNS 2025",1,0
"Accounting, Finance, Sustainability, Governance and Fraud",1,0
Adhaesion,1,0
Advanced Materials Research,1,0
"Advancing Real Property Valuation: AI, Drones and Emerging Digital Technologies in Professional Practice and Education",1,0
"Aibi, Revista de Investigacion Administracion e Ingenierias",1,0
Applied AI and Blockchain in Global Real Estate,1,0
"Applied Data Science in FinTech: Models, Tools, and Case Studies",1,0
Applied Mechanics and Materials,1,0
Architectural Thinking in a Climate Emergency,1,0
Asian Review of Financial Research,1,0
BWK- Energie-Fachmagazin,1,0
Betonwerk und Fertigteil-Technik/Concrete Plant and Precast Technology,1,0
Biofuels,1,0
Bitacora Urbano Territorial,1,0
Building Engineer,1,0
Business and Society Review,1,0
CEUR Workshop Proceedings,1,0
Canadian Conference on Electrical and Computer Engineering,1,0
Ceramurgia,1,0
Chemical Engineering World,1,0
Chemical and Petroleum Engineering,1,0
Chinese Journal of Medical Science Research Management,1,0
Construction Specifier,1,0
"Control Engineering and Information Systems - Proceedings of the International Conference on Control Engineering and Information System, ICCEIS 2014",1,0
Critical Housing Analysis,1,0
Digital Transformation: Organizational Challenges and Management Transformation Methods,1,0
ECMOR 2008 - 11th European Conference on the Mathematics of Oil Recovery,1,0
Electronics (Switzerland),1,0
Elgar Concise Encyclopedia of Artificial Intelligence and the Law,1,0
"Ethics, Medicine and Public Health",1,0
FAIM 2014 - Proceedings of the 24th International Conference on Flexible Automation and Intelligent Manufacturing: Capturing Competitive Advantage via Advanced Manufacturing and Enterprise Transformation,1,0
GCCE 2025 - 2025 IEEE 14th Global Conference on Consumer Electronics,1,0
GEO: connexion,1,0
Geo-Informations-Systeme,1,0
Geographic Information Systems Odyssey Journal,1,0
Giesserei,1,0
"Graphene: Synthesis, Properties, Technology and Applications",1,0
Gummi Asbest Kunstst,1,0
Handbook of Measuring System Design: Sydenham/Measuring,1,0
Handbook of the Metaverse,1,0
Hydrotechnical Construction,1,0
"ICCREM 2025: Decarbonization and Digitalization of the Built Environment-Shaping Resilience in a Changing World, Proceedings of the International Conference on Construction and Real Estate Management 2025",1,0
"IEEE International Conference on Data Mining Workshops, ICDMW",1,0
IEEE Microwave Magazine,1,0
Indian Journal of Information Sources and Services,1,0
Industria,1,0
Innovations in Optimization and Machine Learning,1,0
Inorganic Materials: Applied Research,1,0
"International Conference on Emerging Trends and Innovations in ICT, ICEI 2026",1,0
International Conference on Operations Research and Enterprise Systems,1,0
International Journal of Building Pathology and Adaptation,1,0
International Journal of Housing Policy,1,0
International Journal of Information Management Data Insights,1,0
International Review of Management and Marketing ,1,0
Journal of Banking and Finance,1,0
"Journal of Logistics, Informatics and Service Science",1,0
Journal of Theoretical and Applied Information Technology,1,0
"METAL 2017 - 26th International Conference on Metallurgy and Materials, Conference Proceedings",1,0
Management Research,1,0
Metallurg,1,0
"Mining with backfill. Proceedings of the international symposium, Lulea, 7-9 June 1983.",1,0
Organizational Resilience and Leadership issues in the dynamic era,1,0
Physical Acoustics,1,0
Planning Malaysia,1,0
"Proceedings - 2009 International Conference on Computational Intelligence and Software Engineering, CiSE 2009",1,0
"Proceedings - 2009 International Conference on New Trends in Information and Service Science, NISS 2009",1,0
"Proceedings - 2017 Chinese Automation Congress, CAC 2017",1,0
Proceedings - RoEduNet IEEE International Conference,1,0
"Proceedings of 2024 5th International Conference on Big Data Economy and Information Management, BDEIM 2024",1,0
Proceedings of the International Conferences IADIS Information Systems 2025 and e-Society 2025,1,0
Qualitative Market Research,1,0
Real Estate Management and Valuation,1,0
"Research Handbook on Housing, the Home and Society",1,0
Rethinking Real Estate: a Roadmap to Technology’s Impact on the World’s Largest Asset Class,1,0
Revista de Derecho Civil,1,0
"Studies in Systems, Decision and Control",1,0
TECHNIKA SMAROWNICZA,1,0
Technology Transfer,1,0
Technology in Society,1,0
The Future of Real Estate Education: From Pedagogy to Technology,1,0
WIT Transactions on the Built Environment,1,0
Wool Textile Journal,1,0
World Patent Information,1,0
